tcrRes,tcrNum,tcrName,mhcRes,mhcNum,mhcName,distance,loop,mhc_chain
SER,27,C,HIS,88,CE1,0.5663432478904724,cdr1a,mhc_beta
SER,27,O,HIS,88,ND1,0.5992975831031799,cdr1a,mhc_beta
SER,27,O,HIS,88,CE1,0.48172706365585327,cdr1a,mhc_beta
SER,27,O,HIS,88,NE2,0.5137419700622559,cdr1a,mhc_beta
VAL,28,N,HIS,88,CE1,0.565748393535614,cdr1a,mhc_beta
VAL,28,CA,HIS,88,ND1,0.5500356554985046,cdr1a,mhc_beta
VAL,28,CA,HIS,88,CD2,0.5933713912963867,cdr1a,mhc_beta
VAL,28,CA,HIS,88,CE1,0.4654878079891205,cdr1a,mhc_beta
VAL,28,CA,HIS,88,NE2,0.4939529299736023,cdr1a,mhc_beta
VAL,28,C,HIS,88,ND1,0.5652767419815063,cdr1a,mhc_beta
VAL,28,C,HIS,88,CE1,0.5135768055915833,cdr1a,mhc_beta
VAL,28,C,HIS,88,NE2,0.5584299564361572,cdr1a,mhc_beta
PRO,29,N,HIS,88,CG,0.5555322170257568,cdr1a,mhc_beta
PRO,29,N,HIS,88,ND1,0.497766375541687,cdr1a,mhc_beta
PRO,29,N,HIS,88,CD2,0.5634366273880005,cdr1a,mhc_beta
PRO,29,N,HIS,88,CE1,0.4719361960887909,cdr1a,mhc_beta
PRO,29,N,HIS,88,NE2,0.5133929252624512,cdr1a,mhc_beta
PRO,29,CA,HIS,88,ND1,0.573055624961853,cdr1a,mhc_beta
PRO,29,CA,HIS,88,CE1,0.5757752060890198,cdr1a,mhc_beta
THR,50,O,THR,84,CG2,0.5800382494926453,cdr2a,mhc_beta
SER,51,O,ALA,80,CB,0.5993406176567078,cdr2a,mhc_beta
ALA,52,N,GLU,76,OE2,0.5562993288040161,cdr2a,mhc_beta
ALA,52,CA,GLU,76,CG,0.5606046915054321,cdr2a,mhc_beta
ALA,52,CA,GLU,76,CD,0.571631669998169,cdr2a,mhc_beta
ALA,52,CA,GLU,76,OE2,0.4892285168170929,cdr2a,mhc_beta
ALA,52,C,GLU,76,OE2,0.5919601321220398,cdr2a,mhc_beta
GLU,30,CA,ALA,62,CB,0.53669273853302,cdr1b,mhc_alpha
GLU,30,C,ALA,62,CB,0.5788872838020325,cdr1b,mhc_alpha
GLU,30,O,ALA,62,CB,0.5599454045295715,cdr1b,mhc_alpha
TYR,50,CA,ALA,59,CB,0.5258293151855469,cdr2b,mhc_alpha
TYR,50,CA,ALA,62,CB,0.56418377161026,cdr2b,mhc_alpha
TYR,50,C,ALA,59,CB,0.5615541934967041,cdr2b,mhc_alpha
TYR,50,C,ALA,62,CB,0.4424912631511688,cdr2b,mhc_alpha
TYR,50,O,ALA,59,CB,0.5082420110702515,cdr2b,mhc_alpha
TYR,50,O,ALA,62,CB,0.33611351251602173,cdr2b,mhc_alpha
ASP,51,N,ALA,62,CB,0.4879600703716278,cdr2b,mhc_alpha
ASP,51,CA,ALA,62,CB,0.4370795786380768,cdr2b,mhc_alpha
ASP,51,C,ALA,62,CB,0.5703129768371582,cdr2b,mhc_alpha
VAL,52,N,ALA,62,CB,0.5901344418525696,cdr2b,mhc_alpha
