tcrRes,tcrNum,tcrName,mhcRes,mhcNum,mhcName,distance,loop,mhc_chain
ASN,36,CA,ARG,84,CG,0.5278549194335938,cdr1a,mhc_beta
ASN,36,CA,ARG,84,CD,0.586855947971344,cdr1a,mhc_beta
GLN,57,CA,THR,59,CG2,0.5769265294075012,cdr2b,mhc_alpha
GLN,57,CA,ALA,62,CB,0.5053526759147644,cdr2b,mhc_alpha
GLN,57,C,ALA,62,CB,0.4498363435268402,cdr2b,mhc_alpha
GLN,57,O,ALA,62,CB,0.4104379713535309,cdr2b,mhc_alpha
GLY,58,N,ALA,62,CB,0.5143384337425232,cdr2b,mhc_alpha
GLY,58,CA,ALA,62,CB,0.5472628474235535,cdr2b,mhc_alpha
PRO,66,N,GLN,55,OE1,0.549831211566925,cdr2b,mhc_alpha
PRO,66,CA,GLN,55,CD,0.5199852585792542,cdr2b,mhc_alpha
PRO,66,CA,GLN,55,OE1,0.4162445366382599,cdr2b,mhc_alpha
PRO,66,CA,GLN,55,NE2,0.5539253354072571,cdr2b,mhc_alpha
PRO,66,C,GLN,55,CD,0.5061209201812744,cdr2b,mhc_alpha
PRO,66,C,GLN,55,OE1,0.4243714213371277,cdr2b,mhc_alpha
PRO,66,C,GLN,55,NE2,0.5296674370765686,cdr2b,mhc_alpha
PRO,66,O,GLN,55,CG,0.5647090673446655,cdr2b,mhc_alpha
PRO,66,O,GLN,55,CD,0.44402891397476196,cdr2b,mhc_alpha
PRO,66,O,GLN,55,OE1,0.3868984282016754,cdr2b,mhc_alpha
PRO,66,O,GLN,55,NE2,0.4431271255016327,cdr2b,mhc_alpha
SER,27,C,TYR,67,OH,0.557174026966095,cdr1b,mhc_beta
SER,27,O,TYR,67,CZ,0.5990560054779053,cdr1b,mhc_beta
SER,27,O,TYR,67,OH,0.4936578571796417,cdr1b,mhc_beta
GLY,28,N,TYR,67,OH,0.5339087843894958,cdr1b,mhc_beta
GLY,28,CA,TYR,67,CE2,0.5807648301124573,cdr1b,mhc_beta
GLY,28,CA,TYR,67,CZ,0.5248595476150513,cdr1b,mhc_beta
GLY,28,CA,TYR,67,OH,0.42147284746170044,cdr1b,mhc_beta
GLY,28,C,TYR,67,CZ,0.558434784412384,cdr1b,mhc_beta
GLY,28,C,TYR,67,OH,0.43680712580680847,cdr1b,mhc_beta
GLY,28,O,TYR,67,CE2,0.5368160605430603,cdr1b,mhc_beta
GLY,28,O,TYR,67,CZ,0.4989432394504547,cdr1b,mhc_beta
GLY,28,O,TYR,67,OH,0.37806352972984314,cdr1b,mhc_beta
HIS,29,N,TYR,67,OH,0.5571941137313843,cdr1b,mhc_beta
