tcrRes,tcrNum,tcrName,mhcRes,mhcNum,mhcName,distance,loop,mhc_chain
ASN,28,O,GLU,53,CD,0.5947044491767883,cdr1b,mhc_alpha
ASN,28,O,GLU,53,OE1,0.5674070715904236,cdr1b,mhc_alpha
ASN,28,O,GLU,53,OE2,0.5303574800491333,cdr1b,mhc_alpha
GLU,37,CA,GLN,55,CB,0.5887417197227478,cdr1b,mhc_alpha
GLU,37,CA,GLN,55,CG,0.5153371095657349,cdr1b,mhc_alpha
GLU,37,CA,GLN,55,CD,0.596439778804779,cdr1b,mhc_alpha
GLU,37,C,GLN,55,CG,0.5460968613624573,cdr1b,mhc_alpha
GLU,37,O,GLN,55,CG,0.5063127875328064,cdr1b,mhc_alpha
GLU,37,O,GLN,55,CD,0.5839272141456604,cdr1b,mhc_alpha
GLU,37,O,GLN,55,NE2,0.5767431855201721,cdr1b,mhc_alpha
VAL,57,CA,ALA,59,CB,0.5845398306846619,cdr2b,mhc_alpha
VAL,57,C,GLN,55,CG,0.5759516358375549,cdr2b,mhc_alpha
VAL,57,C,GLN,55,NE2,0.5832878947257996,cdr2b,mhc_alpha
VAL,57,C,ALA,59,CB,0.5293388962745667,cdr2b,mhc_alpha
VAL,57,O,GLN,55,CG,0.542995810508728,cdr2b,mhc_alpha
VAL,57,O,GLN,55,NE2,0.5477631688117981,cdr2b,mhc_alpha
VAL,57,O,ALA,59,CB,0.41667813062667847,cdr2b,mhc_alpha
GLY,58,N,GLN,55,CG,0.5963930487632751,cdr2b,mhc_alpha
GLY,58,CA,GLN,55,CG,0.5968918204307556,cdr2b,mhc_alpha
GLY,58,C,GLN,55,CB,0.52900230884552,cdr2b,mhc_alpha
GLY,58,C,GLN,55,CG,0.4743678569793701,cdr2b,mhc_alpha
GLY,58,O,GLN,55,CB,0.44055071473121643,cdr2b,mhc_alpha
GLY,58,O,GLN,55,CG,0.36815786361694336,cdr2b,mhc_alpha
GLY,58,O,GLN,55,CD,0.4918442368507385,cdr2b,mhc_alpha
GLY,58,O,GLN,55,OE1,0.5998297929763794,cdr2b,mhc_alpha
GLY,58,O,GLN,55,NE2,0.5050554871559143,cdr2b,mhc_alpha
GLU,59,N,GLN,55,CB,0.5359575152397156,cdr2b,mhc_alpha
GLU,59,N,GLN,55,CG,0.5177833437919617,cdr2b,mhc_alpha
GLY,60,C,GLN,77,NE2,0.5853286385536194,cdr2b,mhc_beta
GLY,60,O,GLN,77,NE2,0.4835531711578369,cdr2b,mhc_beta
THR,66,N,GLN,77,OE1,0.5715263485908508,cdr2b,mhc_beta
THR,66,N,GLN,77,NE2,0.5652410387992859,cdr2b,mhc_beta
THR,66,CA,GLN,77,OE1,0.5865963697433472,cdr2b,mhc_beta
