tcrRes,tcrNum,tcrName,mhcRes,mhcNum,mhcName,distance,loop,mhc_chain
SER,34,O,HIS,88,CE1,0.5481798648834229,cdr1a,mhc_beta
LEU,36,C,THR,84,CB,0.570202648639679,cdr1a,mhc_beta
LEU,36,C,THR,84,CG2,0.4758048951625824,cdr1a,mhc_beta
LEU,36,O,THR,84,CB,0.4924378991127014,cdr1a,mhc_beta
LEU,36,O,THR,84,OG1,0.599741518497467,cdr1a,mhc_beta
LEU,36,O,THR,84,CG2,0.3833887279033661,cdr1a,mhc_beta
ARG,37,N,THR,84,CB,0.5836666226387024,cdr1a,mhc_beta
ARG,37,N,THR,84,CG2,0.49887365102767944,cdr1a,mhc_beta
ARG,37,CA,THR,84,CB,0.5126492381095886,cdr1a,mhc_beta
ARG,37,CA,THR,84,OG1,0.5629504919052124,cdr1a,mhc_beta
ARG,37,CA,THR,84,CG2,0.4291403293609619,cdr1a,mhc_beta
ARG,37,C,THR,84,CG2,0.522297739982605,cdr1a,mhc_beta
ARG,37,O,ARG,77,CB,0.5976443290710449,cdr1a,mhc_beta
ARG,37,O,ARG,77,CG,0.5085965394973755,cdr1a,mhc_beta
ARG,37,O,ARG,77,CD,0.5999140739440918,cdr1a,mhc_beta
ARG,37,O,ALA,80,CB,0.5879190564155579,cdr1a,mhc_beta
ARG,37,O,THR,84,CG2,0.5174881815910339,cdr1a,mhc_beta
TYR,57,N,GLU,76,OE1,0.581478476524353,cdr2a,mhc_beta
TYR,57,CA,ALA,80,CB,0.4968864619731903,cdr2a,mhc_beta
TYR,57,C,ALA,80,CB,0.4501221776008606,cdr2a,mhc_beta
TYR,57,O,ALA,80,CB,0.39246776700019836,cdr2a,mhc_beta
TYR,57,O,THR,84,CG2,0.48647233843803406,cdr2a,mhc_beta
SER,58,N,ALA,80,CB,0.5201390385627747,cdr2a,mhc_beta
SER,58,CA,ALA,80,CB,0.5425809025764465,cdr2a,mhc_beta
ARG,66,CA,THR,59,CG2,0.5317398905754089,cdr2b,mhc_alpha
ARG,66,C,GLN,55,OE1,0.5188412666320801,cdr2b,mhc_alpha
ARG,66,C,THR,59,CG2,0.4942750036716461,cdr2b,mhc_alpha
ARG,66,O,GLN,55,CG,0.5858783721923828,cdr2b,mhc_alpha
ARG,66,O,GLN,55,CD,0.49992072582244873,cdr2b,mhc_alpha
ARG,66,O,GLN,55,OE1,0.4021134674549103,cdr2b,mhc_alpha
ARG,66,O,GLN,55,NE2,0.5670127272605896,cdr2b,mhc_alpha
ARG,66,O,THR,59,CB,0.5458752512931824,cdr2b,mhc_alpha
ARG,66,O,THR,59,CG2,0.39915937185287476,cdr2b,mhc_alpha
