tcrRes,tcrNum,tcrName,mhcRes,mhcNum,mhcName,distance,loop,mhc_chain
GLY,29,CA,HIS,88,CE1,0.535288393497467,cdr1a,mhc_beta
GLY,29,CA,HIS,88,NE2,0.5892214775085449,cdr1a,mhc_beta
LEU,36,O,THR,84,CB,0.5462056398391724,cdr1a,mhc_beta
LEU,36,O,THR,84,CG2,0.5293008685112,cdr1a,mhc_beta
ARG,37,CA,THR,84,CB,0.5907080173492432,cdr1a,mhc_beta
ARG,37,CA,THR,84,CG2,0.5736595988273621,cdr1a,mhc_beta
ARG,37,O,THR,84,CG2,0.5846495628356934,cdr1a,mhc_beta
TYR,57,N,ALA,80,CB,0.5859542489051819,cdr2a,mhc_beta
TYR,57,CA,ALA,80,CB,0.5036254525184631,cdr2a,mhc_beta
TYR,57,CA,THR,84,CG2,0.5194767117500305,cdr2a,mhc_beta
TYR,57,C,ALA,80,CB,0.5210098624229431,cdr2a,mhc_beta
TYR,57,C,THR,84,CB,0.5553911328315735,cdr2a,mhc_beta
TYR,57,C,THR,84,CG2,0.41958561539649963,cdr2a,mhc_beta
TYR,57,O,ALA,80,CB,0.5243294835090637,cdr2a,mhc_beta
TYR,57,O,THR,84,CB,0.45576149225234985,cdr2a,mhc_beta
TYR,57,O,THR,84,OG1,0.5173338651657104,cdr2a,mhc_beta
TYR,57,O,THR,84,CG2,0.3327506184577942,cdr2a,mhc_beta
SER,58,N,ALA,80,CB,0.5802618861198425,cdr2a,mhc_beta
SER,58,N,THR,84,CG2,0.47264865040779114,cdr2a,mhc_beta
SER,58,CA,THR,84,CB,0.5978590846061707,cdr2a,mhc_beta
SER,58,CA,THR,84,CG2,0.45424792170524597,cdr2a,mhc_beta
SER,58,C,THR,84,CG2,0.5963402986526489,cdr2a,mhc_beta
ARG,66,C,GLN,55,OE1,0.5992415547370911,cdr2b,mhc_alpha
ARG,66,O,GLN,55,CG,0.564809262752533,cdr2b,mhc_alpha
ARG,66,O,GLN,55,CD,0.5022730827331543,cdr2b,mhc_alpha
ARG,66,O,GLN,55,OE1,0.49510306119918823,cdr2b,mhc_alpha
ARG,66,O,GLN,55,NE2,0.5063140988349915,cdr2b,mhc_alpha
SER,27,C,TYR,67,OH,0.5579893589019775,cdr1b,mhc_beta
SER,27,O,TYR,67,OH,0.5193145871162415,cdr1b,mhc_beta
GLY,28,N,TYR,67,OH,0.5098990201950073,cdr1b,mhc_beta
GLY,28,CA,TYR,67,CE1,0.5942026972770691,cdr1b,mhc_beta
GLY,28,CA,TYR,67,CZ,0.517816960811615,cdr1b,mhc_beta
GLY,28,CA,TYR,67,OH,0.3844284117221832,cdr1b,mhc_beta
GLY,28,C,TYR,67,CZ,0.5763617157936096,cdr1b,mhc_beta
GLY,28,C,TYR,67,OH,0.44032037258148193,cdr1b,mhc_beta
GLY,28,O,TYR,67,CE2,0.5833930373191833,cdr1b,mhc_beta
GLY,28,O,TYR,67,CZ,0.5398595333099365,cdr1b,mhc_beta
GLY,28,O,TYR,67,OH,0.4124625325202942,cdr1b,mhc_beta
ASP,29,N,TYR,67,OH,0.5617862343788147,cdr1b,mhc_beta
