tcrRes,tcrNum,tcrName,mhcRes,mhcNum,mhcName,distance,loop,mhc_chain
ASN,29,O,GLU,53,OE1,0.5323397517204285,cdr1a,mhc_alpha
THR,57,C,THR,84,CB,0.5963278412818909,cdr2a,mhc_beta
THR,57,C,THR,84,CG2,0.5068052411079407,cdr2a,mhc_beta
THR,57,O,THR,84,CB,0.4952523410320282,cdr2a,mhc_beta
THR,57,O,THR,84,OG1,0.5620706081390381,cdr2a,mhc_beta
THR,57,O,THR,84,CG2,0.4219951033592224,cdr2a,mhc_beta
LEU,58,N,THR,84,CG2,0.5331077575683594,cdr2a,mhc_beta
LEU,58,CA,THR,84,CG2,0.47665169835090637,cdr2a,mhc_beta
LEU,58,C,THR,84,CG2,0.5807214379310608,cdr2a,mhc_beta
ASN,59,N,THR,84,CG2,0.5620023012161255,cdr2a,mhc_beta
TYR,57,O,ALA,62,CB,0.5724318027496338,cdr2b,mhc_alpha
SER,66,CA,GLN,55,CD,0.5498841404914856,cdr2b,mhc_alpha
SER,66,CA,GLN,55,OE1,0.5443810820579529,cdr2b,mhc_alpha
SER,66,CA,GLN,55,NE2,0.47940802574157715,cdr2b,mhc_alpha
SER,66,C,GLN,55,CG,0.5821369290351868,cdr2b,mhc_alpha
SER,66,C,GLN,55,CD,0.46749040484428406,cdr2b,mhc_alpha
SER,66,C,GLN,55,OE1,0.4481669068336487,cdr2b,mhc_alpha
SER,66,C,GLN,55,NE2,0.4301058053970337,cdr2b,mhc_alpha
SER,66,O,GLN,55,CG,0.5260592103004456,cdr2b,mhc_alpha
SER,66,O,GLN,55,CD,0.39951762557029724,cdr2b,mhc_alpha
SER,66,O,GLN,55,OE1,0.35411784052848816,cdr2b,mhc_alpha
SER,66,O,GLN,55,NE2,0.38529306650161743,cdr2b,mhc_alpha
