tcrRes,tcrNum,tcrName,mhcRes,mhcNum,mhcName,distance,loop,mhc_chain
ASN,36,CA,ARG,84,CG,0.5639011859893799,cdr1a,mhc_beta
ASN,36,CA,ARG,84,CD,0.5627459287643433,cdr1a,mhc_beta
GLY,56,CA,GLU,76,OE2,0.5521031022071838,cdr2a,mhc_beta
GLY,56,C,GLU,76,OE2,0.5786791443824768,cdr2a,mhc_beta
LEU,57,N,GLU,76,OE2,0.5541149973869324,cdr2a,mhc_beta
GLN,57,N,THR,59,CG2,0.5563775300979614,cdr2b,mhc_alpha
GLN,57,N,ALA,62,CB,0.5930221080780029,cdr2b,mhc_alpha
GLN,57,CA,THR,59,CB,0.5678521990776062,cdr2b,mhc_alpha
GLN,57,CA,THR,59,CG2,0.5277608633041382,cdr2b,mhc_alpha
GLN,57,CA,ALA,62,CB,0.4963429272174835,cdr2b,mhc_alpha
GLN,57,C,ALA,62,CB,0.4297125041484833,cdr2b,mhc_alpha
GLN,57,O,ALA,62,CB,0.3687879741191864,cdr2b,mhc_alpha
GLY,58,N,ALA,62,CB,0.4901440143585205,cdr2b,mhc_alpha
GLY,58,CA,ALA,62,CB,0.5157903432846069,cdr2b,mhc_alpha
PRO,66,N,GLN,55,NE2,0.5867323279380798,cdr2b,mhc_alpha
PRO,66,N,LEU,58,CD1,0.589801013469696,cdr2b,mhc_alpha
PRO,66,CA,GLN,55,CG,0.5371112823486328,cdr2b,mhc_alpha
PRO,66,CA,GLN,55,CD,0.5277566909790039,cdr2b,mhc_alpha
PRO,66,CA,GLN,55,OE1,0.5970966219902039,cdr2b,mhc_alpha
PRO,66,CA,GLN,55,NE2,0.4863538444042206,cdr2b,mhc_alpha
PRO,66,CA,LEU,58,CB,0.5384559631347656,cdr2b,mhc_alpha
PRO,66,CA,LEU,58,CG,0.563304603099823,cdr2b,mhc_alpha
PRO,66,CA,LEU,58,CD1,0.4678346812725067,cdr2b,mhc_alpha
PRO,66,C,GLN,55,CG,0.5071357488632202,cdr2b,mhc_alpha
PRO,66,C,GLN,55,CD,0.4681794345378876,cdr2b,mhc_alpha
PRO,66,C,GLN,55,OE1,0.5433210134506226,cdr2b,mhc_alpha
PRO,66,C,GLN,55,NE2,0.3939951956272125,cdr2b,mhc_alpha
PRO,66,C,LEU,58,CD1,0.5266667604446411,cdr2b,mhc_alpha
PRO,66,O,GLN,55,CG,0.4903887212276459,cdr2b,mhc_alpha
PRO,66,O,GLN,55,CD,0.4647267758846283,cdr2b,mhc_alpha
PRO,66,O,GLN,55,OE1,0.5594907402992249,cdr2b,mhc_alpha
PRO,66,O,GLN,55,NE2,0.37394869327545166,cdr2b,mhc_alpha
PRO,66,O,LEU,58,CD1,0.4909312129020691,cdr2b,mhc_alpha
GLY,28,CA,TYR,67,CZ,0.5997739434242249,cdr1b,mhc_beta
GLY,28,CA,TYR,67,OH,0.49526140093803406,cdr1b,mhc_beta
GLY,28,C,TYR,67,OH,0.4982945919036865,cdr1b,mhc_beta
GLY,28,O,TYR,67,CZ,0.5468380451202393,cdr1b,mhc_beta
GLY,28,O,TYR,67,OH,0.4221811592578888,cdr1b,mhc_beta
