tcrRes,tcrNum,tcrName,mhcRes,mhcNum,mhcName,distance,loop,mhc_chain
GLN,28,CA,HIS,66,CD2,0.5856003165245056,cdr1b,mhc_alpha
GLN,28,CA,HIS,66,CE1,0.5723145008087158,cdr1b,mhc_alpha
GLN,28,CA,HIS,66,NE2,0.5330811738967896,cdr1b,mhc_alpha
GLN,28,C,HIS,66,NE2,0.5987780094146729,cdr1b,mhc_alpha
THR,37,N,VAL,63,CG2,0.5757133960723877,cdr1b,mhc_alpha
THR,37,CA,VAL,63,CG2,0.479432612657547,cdr1b,mhc_alpha
THR,37,C,VAL,63,CG2,0.5732232928276062,cdr1b,mhc_alpha
THR,37,O,THR,59,CB,0.5554737448692322,cdr1b,mhc_alpha
THR,37,O,THR,59,CG2,0.5940306186676025,cdr1b,mhc_alpha
THR,37,O,VAL,63,CG2,0.5681285262107849,cdr1b,mhc_alpha
ASN,57,CA,GLN,55,OE1,0.5872704386711121,cdr2b,mhc_alpha
ASN,57,CA,THR,59,CG2,0.5800983309745789,cdr2b,mhc_alpha
GLN,58,N,ALA,62,CB,0.5236843228340149,cdr2b,mhc_alpha
GLN,58,CA,ALA,62,CB,0.5055199265480042,cdr2b,mhc_alpha
GLN,58,C,ALA,62,CB,0.4943254590034485,cdr2b,mhc_alpha
GLN,58,O,ALA,62,CB,0.4167111814022064,cdr2b,mhc_alpha
GLU,64,O,GLN,55,OE1,0.5720943808555603,cdr2b,mhc_alpha
GLU,64,O,GLN,55,NE2,0.5610172152519226,cdr2b,mhc_alpha
SER,27,CA,TYR,67,CZ,0.5858466029167175,cdr1b,mhc_beta
SER,27,CA,TYR,67,OH,0.4923872649669647,cdr1b,mhc_beta
SER,27,C,TYR,67,OH,0.5095802545547485,cdr1b,mhc_beta
GLN,28,N,TYR,67,CE2,0.5917477607727051,cdr1b,mhc_beta
GLN,28,N,TYR,67,CZ,0.5491742491722107,cdr1b,mhc_beta
GLN,28,N,TYR,67,OH,0.4618332087993622,cdr1b,mhc_beta
GLN,28,CA,TYR,67,OH,0.5294263362884521,cdr1b,mhc_beta
GLN,28,C,TYR,67,CZ,0.5907041430473328,cdr1b,mhc_beta
GLN,28,C,TYR,67,OH,0.4913221001625061,cdr1b,mhc_beta
GLN,28,O,TYR,67,CE2,0.49612510204315186,cdr1b,mhc_beta
GLN,28,O,TYR,67,CZ,0.4873043894767761,cdr1b,mhc_beta
GLN,28,O,TYR,67,OH,0.3878227174282074,cdr1b,mhc_beta
