tcrRes,tcrNum,tcrName,mhcRes,mhcNum,mhcName,distance,loop,mhc_chain
GLN,75,CB,ARG,59,CA,0.5960334539413452,cdr2b,mhc_alpha
GLN,75,CB,ARG,59,C,0.5644173622131348,cdr2b,mhc_alpha
GLN,75,CB,ARG,59,O,0.4606212079524994,cdr2b,mhc_alpha
GLN,75,CB,ALA,62,N,0.5870749950408936,cdr2b,mhc_alpha
GLN,75,CB,ALA,62,CA,0.5000005960464478,cdr2b,mhc_alpha
GLN,75,CB,ALA,62,C,0.47083601355552673,cdr2b,mhc_alpha
GLN,75,CB,ALA,62,O,0.5229384899139404,cdr2b,mhc_alpha
GLN,75,CB,VAL,63,N,0.4405697286128998,cdr2b,mhc_alpha
GLN,75,CB,VAL,63,CA,0.4736287593841553,cdr2b,mhc_alpha
GLN,75,CG,ARG,59,CA,0.5336007475852966,cdr2b,mhc_alpha
GLN,75,CG,ARG,59,C,0.5149147510528564,cdr2b,mhc_alpha
GLN,75,CG,ARG,59,O,0.4299885630607605,cdr2b,mhc_alpha
GLN,75,CG,ALA,62,CA,0.5772879123687744,cdr2b,mhc_alpha
GLN,75,CG,ALA,62,C,0.5608155131340027,cdr2b,mhc_alpha
GLN,75,CG,VAL,63,N,0.5054420828819275,cdr2b,mhc_alpha
GLN,75,CG,VAL,63,CA,0.5389943718910217,cdr2b,mhc_alpha
GLN,75,CD,ARG,59,O,0.5198153853416443,cdr2b,mhc_alpha
GLN,75,CD,VAL,63,N,0.5744643807411194,cdr2b,mhc_alpha
GLN,75,CD,VAL,63,CA,0.5719791054725647,cdr2b,mhc_alpha
GLN,75,OE1,ARG,59,O,0.5606127381324768,cdr2b,mhc_alpha
GLN,75,OE1,VAL,63,N,0.5496983528137207,cdr2b,mhc_alpha
GLN,75,OE1,VAL,63,CA,0.5177106261253357,cdr2b,mhc_alpha
GLN,75,NE2,ARG,59,O,0.5889108777046204,cdr2b,mhc_alpha
THR,77,CB,HIS,66,N,0.594174861907959,cdr2b,mhc_alpha
THR,77,CB,HIS,66,CA,0.5026420950889587,cdr2b,mhc_alpha
THR,77,CG2,HIS,66,N,0.5918838381767273,cdr2b,mhc_alpha
THR,77,CG2,HIS,66,CA,0.5259742736816406,cdr2b,mhc_alpha
ALA,80,CB,LEU,58,C,0.4973512589931488,cdr2b,mhc_alpha
ALA,80,CB,LEU,58,O,0.4703518748283386,cdr2b,mhc_alpha
ALA,80,CB,ARG,59,N,0.46013274788856506,cdr2b,mhc_alpha
ALA,80,CB,ARG,59,CA,0.37946653366088867,cdr2b,mhc_alpha
ALA,80,CB,ARG,59,C,0.46375998854637146,cdr2b,mhc_alpha
ALA,80,CB,ARG,59,O,0.4439060688018799,cdr2b,mhc_alpha
ALA,80,CB,ALA,62,N,0.5660354495048523,cdr2b,mhc_alpha
ALA,80,CB,ALA,62,CA,0.531517744064331,cdr2b,mhc_alpha
