tcrRes,tcrNum,tcrName,mhcRes,mhcNum,mhcName,distance,loop,mhc_chain
GLN,75,CB,ARG,59,CA,0.5764735341072083,cdr2b,mhc_alpha
GLN,75,CB,ARG,59,C,0.5340583324432373,cdr2b,mhc_alpha
GLN,75,CB,ARG,59,O,0.4345340430736542,cdr2b,mhc_alpha
GLN,75,CB,ALA,62,N,0.5729170441627502,cdr2b,mhc_alpha
GLN,75,CB,ALA,62,CA,0.4869726896286011,cdr2b,mhc_alpha
GLN,75,CB,ALA,62,C,0.45615309476852417,cdr2b,mhc_alpha
GLN,75,CB,ALA,62,O,0.5032709240913391,cdr2b,mhc_alpha
GLN,75,CB,VAL,63,N,0.43134641647338867,cdr2b,mhc_alpha
GLN,75,CB,VAL,63,CA,0.4605834186077118,cdr2b,mhc_alpha
GLN,75,CG,ARG,59,CA,0.5286554098129272,cdr2b,mhc_alpha
GLN,75,CG,ARG,59,C,0.5045264959335327,cdr2b,mhc_alpha
GLN,75,CG,ARG,59,O,0.43110525608062744,cdr2b,mhc_alpha
GLN,75,CG,ALA,62,CA,0.5831348299980164,cdr2b,mhc_alpha
GLN,75,CG,ALA,62,C,0.5635998845100403,cdr2b,mhc_alpha
GLN,75,CG,VAL,63,N,0.5140402913093567,cdr2b,mhc_alpha
GLN,75,CG,VAL,63,CA,0.5402666330337524,cdr2b,mhc_alpha
GLN,75,CD,ARG,59,O,0.5395798087120056,cdr2b,mhc_alpha
GLN,75,CD,VAL,63,N,0.5927598476409912,cdr2b,mhc_alpha
GLN,75,CD,VAL,63,CA,0.5830613374710083,cdr2b,mhc_alpha
GLN,75,OE1,ARG,59,O,0.5795729756355286,cdr2b,mhc_alpha
GLN,75,OE1,VAL,63,N,0.5699892044067383,cdr2b,mhc_alpha
GLN,75,OE1,VAL,63,CA,0.5311612486839294,cdr2b,mhc_alpha
THR,77,CB,HIS,66,N,0.5609495043754578,cdr2b,mhc_alpha
THR,77,CB,HIS,66,CA,0.47672927379608154,cdr2b,mhc_alpha
THR,77,CB,HIS,66,C,0.5827823281288147,cdr2b,mhc_alpha
THR,77,CB,HIS,66,O,0.5896791815757751,cdr2b,mhc_alpha
THR,77,OG1,HIS,66,CA,0.5902476906776428,cdr2b,mhc_alpha
THR,77,CG2,HIS,66,N,0.5030525326728821,cdr2b,mhc_alpha
THR,77,CG2,HIS,66,CA,0.448123961687088,cdr2b,mhc_alpha
THR,77,CG2,HIS,66,C,0.5661288499832153,cdr2b,mhc_alpha
THR,77,CG2,HIS,66,O,0.5745750069618225,cdr2b,mhc_alpha
ALA,80,CB,LEU,58,C,0.4907241463661194,cdr2b,mhc_alpha
ALA,80,CB,LEU,58,O,0.4550926089286804,cdr2b,mhc_alpha
ALA,80,CB,ARG,59,N,0.4636087417602539,cdr2b,mhc_alpha
ALA,80,CB,ARG,59,CA,0.3989851176738739,cdr2b,mhc_alpha
ALA,80,CB,ARG,59,C,0.4766773283481598,cdr2b,mhc_alpha
ALA,80,CB,ARG,59,O,0.44921913743019104,cdr2b,mhc_alpha
ALA,80,CB,ALA,62,N,0.5832034945487976,cdr2b,mhc_alpha
ALA,80,CB,ALA,62,CA,0.5492216944694519,cdr2b,mhc_alpha
