tcrRes,tcrNum,tcrName,mhcRes,mhcNum,mhcName,distance,loop,mhc_chain
GLN,48,CB,ARG,59,CA,0.581586480140686,cdr2b,mhc_alpha
GLN,48,CB,ARG,59,C,0.5461052060127258,cdr2b,mhc_alpha
GLN,48,CB,ARG,59,O,0.4433204233646393,cdr2b,mhc_alpha
GLN,48,CB,ALA,62,N,0.5858315825462341,cdr2b,mhc_alpha
GLN,48,CB,ALA,62,CA,0.502223551273346,cdr2b,mhc_alpha
GLN,48,CB,ALA,62,C,0.45688214898109436,cdr2b,mhc_alpha
GLN,48,CB,ALA,62,O,0.49152201414108276,cdr2b,mhc_alpha
GLN,48,CB,VAL,63,N,0.4332922399044037,cdr2b,mhc_alpha
GLN,48,CB,VAL,63,CA,0.46162962913513184,cdr2b,mhc_alpha
GLN,48,CG,ARG,59,CA,0.5267331004142761,cdr2b,mhc_alpha
GLN,48,CG,ARG,59,C,0.5086430907249451,cdr2b,mhc_alpha
GLN,48,CG,ARG,59,O,0.42971205711364746,cdr2b,mhc_alpha
GLN,48,CG,ALA,62,CA,0.591932475566864,cdr2b,mhc_alpha
GLN,48,CG,ALA,62,C,0.5595916509628296,cdr2b,mhc_alpha
GLN,48,CG,VAL,63,N,0.5111661553382874,cdr2b,mhc_alpha
GLN,48,CG,VAL,63,CA,0.5398814678192139,cdr2b,mhc_alpha
GLN,48,CD,ARG,59,O,0.5298148989677429,cdr2b,mhc_alpha
GLN,48,CD,VAL,63,N,0.5902009606361389,cdr2b,mhc_alpha
GLN,48,CD,VAL,63,CA,0.5837579369544983,cdr2b,mhc_alpha
GLN,48,OE1,ARG,59,O,0.5839284062385559,cdr2b,mhc_alpha
GLN,48,OE1,VAL,63,N,0.5812722444534302,cdr2b,mhc_alpha
GLN,48,OE1,VAL,63,CA,0.5466316342353821,cdr2b,mhc_alpha
GLN,48,NE2,ARG,59,O,0.5918782353401184,cdr2b,mhc_alpha
THR,50,CB,HIS,66,CA,0.5243487358093262,cdr2b,mhc_alpha
THR,50,OG1,ALA,62,O,0.5781581401824951,cdr2b,mhc_alpha
THR,50,OG1,HIS,66,N,0.4670104384422302,cdr2b,mhc_alpha
THR,50,OG1,HIS,66,CA,0.3877757489681244,cdr2b,mhc_alpha
THR,50,OG1,HIS,66,C,0.49769020080566406,cdr2b,mhc_alpha
THR,50,OG1,HIS,66,O,0.501549482345581,cdr2b,mhc_alpha
THR,50,CG2,HIS,66,CA,0.591729462146759,cdr2b,mhc_alpha
ALA,53,CB,LEU,58,C,0.49529945850372314,cdr2b,mhc_alpha
ALA,53,CB,LEU,58,O,0.4612308144569397,cdr2b,mhc_alpha
ALA,53,CB,ARG,59,N,0.46741199493408203,cdr2b,mhc_alpha
ALA,53,CB,ARG,59,CA,0.39702463150024414,cdr2b,mhc_alpha
ALA,53,CB,ARG,59,C,0.4859587848186493,cdr2b,mhc_alpha
ALA,53,CB,ARG,59,O,0.46703436970710754,cdr2b,mhc_alpha
ALA,53,CB,ALA,62,N,0.5852921009063721,cdr2b,mhc_alpha
ALA,53,CB,ALA,62,CA,0.5567323565483093,cdr2b,mhc_alpha
