tcrRes,tcrNum,tcrName,mhcRes,mhcNum,mhcName,distance,loop,mhc_chain
GLU,37,CB,GLN,55,CA,0.5929057002067566,cdr1b,mhc_alpha
GLU,37,CG,GLN,55,CA,0.536888837814331,cdr1b,mhc_alpha
VAL,57,CB,ALA,59,CA,0.5433226227760315,cdr2b,mhc_alpha
VAL,57,CG2,GLN,55,O,0.5882472395896912,cdr2b,mhc_alpha
VAL,57,CG2,ALA,59,N,0.5201819539070129,cdr2b,mhc_alpha
VAL,57,CG2,ALA,59,CA,0.4194774031639099,cdr2b,mhc_alpha
VAL,57,CG2,ALA,59,C,0.5194645524024963,cdr2b,mhc_alpha
VAL,57,CG2,ALA,59,O,0.5411258339881897,cdr2b,mhc_alpha
GLU,63,CB,GLU,53,CA,0.5896596312522888,cdr2b,mhc_alpha
GLU,63,CB,GLU,53,O,0.5528793334960938,cdr2b,mhc_alpha
GLU,63,CB,GLY,56,N,0.5509471893310547,cdr2b,mhc_alpha
GLU,63,CB,GLY,56,CA,0.5396337509155273,cdr2b,mhc_alpha
GLU,63,CD,GLU,53,N,0.5496062636375427,cdr2b,mhc_alpha
GLU,63,CD,GLU,53,CA,0.5530244708061218,cdr2b,mhc_alpha
GLU,63,CD,GLU,53,O,0.5928519368171692,cdr2b,mhc_alpha
GLU,63,OE1,GLU,53,N,0.49774736166000366,cdr2b,mhc_alpha
GLU,63,OE1,GLU,53,CA,0.529698371887207,cdr2b,mhc_alpha
GLU,63,OE1,GLU,53,C,0.599380612373352,cdr2b,mhc_alpha
GLU,63,OE1,GLU,53,O,0.5582189559936523,cdr2b,mhc_alpha
GLU,63,OE2,GLU,53,N,0.5525146722793579,cdr2b,mhc_alpha
GLU,63,OE2,GLU,53,CA,0.5492138862609863,cdr2b,mhc_alpha
THR,65,CB,GLY,56,CA,0.5780209898948669,cdr2b,mhc_alpha
THR,65,CB,GLY,56,O,0.5372118949890137,cdr2b,mhc_alpha
THR,65,CB,ALA,59,CA,0.575081467628479,cdr2b,mhc_alpha
THR,65,CB,ALA,59,C,0.5788940787315369,cdr2b,mhc_alpha
THR,65,OG1,GLY,56,CA,0.5651422739028931,cdr2b,mhc_alpha
THR,65,OG1,GLY,56,O,0.5551457405090332,cdr2b,mhc_alpha
THR,65,OG1,ALA,59,CA,0.5363776683807373,cdr2b,mhc_alpha
THR,65,OG1,ALA,59,C,0.5738756656646729,cdr2b,mhc_alpha
THR,65,CG2,GLY,56,N,0.5913798213005066,cdr2b,mhc_alpha
THR,65,CG2,GLY,56,CA,0.4557432532310486,cdr2b,mhc_alpha
THR,65,CG2,GLY,56,C,0.4711403548717499,cdr2b,mhc_alpha
THR,65,CG2,GLY,56,O,0.3998972773551941,cdr2b,mhc_alpha
THR,65,CG2,ALA,59,N,0.587203860282898,cdr2b,mhc_alpha
THR,65,CG2,ALA,59,CA,0.514735221862793,cdr2b,mhc_alpha
THR,65,CG2,ALA,59,C,0.5134375691413879,cdr2b,mhc_alpha
THR,65,CG2,ALA,59,O,0.5841121673583984,cdr2b,mhc_alpha
