tcrRes,tcrNum,tcrName,mhcRes,mhcNum,mhcName,distance,loop,mhc_chain
TYR,36,CD1,ARG,84,N,0.5986225605010986,cdr1a,mhc_beta
TYR,36,CD1,ARG,84,CA,0.4996689558029175,cdr1a,mhc_beta
TYR,36,CD1,ARG,84,C,0.5897275805473328,cdr1a,mhc_beta
TYR,36,CD1,ARG,84,O,0.5678756833076477,cdr1a,mhc_beta
TYR,36,CE1,ASP,83,C,0.5949454307556152,cdr1a,mhc_beta
TYR,36,CE1,ASP,83,O,0.5757172107696533,cdr1a,mhc_beta
TYR,36,CE1,ARG,84,N,0.5527505278587341,cdr1a,mhc_beta
TYR,36,CE1,ARG,84,CA,0.4650152027606964,cdr1a,mhc_beta
TYR,36,CE1,ARG,84,C,0.5635347366333008,cdr1a,mhc_beta
TYR,36,CE1,ARG,84,O,0.5462809801101685,cdr1a,mhc_beta
TYR,36,CZ,ARG,84,CA,0.5440782308578491,cdr1a,mhc_beta
TYR,36,OH,ASP,83,O,0.5632126331329346,cdr1a,mhc_beta
TYR,36,OH,ARG,84,CA,0.5653974413871765,cdr1a,mhc_beta
THR,57,CG2,ASP,73,CA,0.5783271193504333,cdr2a,mhc_beta
GLN,57,CB,ALA,62,C,0.5226725935935974,cdr2b,mhc_alpha
GLN,57,CB,ALA,62,O,0.48370614647865295,cdr2b,mhc_alpha
GLN,57,CB,VAL,63,N,0.5323793888092041,cdr2b,mhc_alpha
GLN,57,CB,VAL,63,CA,0.5092951059341431,cdr2b,mhc_alpha
GLN,57,CG,ALA,62,C,0.530785322189331,cdr2b,mhc_alpha
GLN,57,CG,ALA,62,O,0.4839639663696289,cdr2b,mhc_alpha
GLN,57,CG,VAL,63,N,0.5184448957443237,cdr2b,mhc_alpha
GLN,57,CG,VAL,63,CA,0.4545328617095947,cdr2b,mhc_alpha
GLN,57,CG,VAL,63,C,0.5480509400367737,cdr2b,mhc_alpha
GLN,57,CG,VAL,63,O,0.5335816740989685,cdr2b,mhc_alpha
GLN,57,CG,HIS,66,N,0.5794458985328674,cdr2b,mhc_alpha
GLN,57,CG,HIS,66,CA,0.5366770625114441,cdr2b,mhc_alpha
GLN,57,CD,VAL,63,CA,0.5719598531723022,cdr2b,mhc_alpha
ALA,66,CB,LEU,58,C,0.5971581339836121,cdr2b,mhc_alpha
ALA,66,CB,LEU,58,O,0.5542110204696655,cdr2b,mhc_alpha
ALA,66,CB,THR,59,N,0.554157555103302,cdr2b,mhc_alpha
ALA,66,CB,THR,59,CA,0.43806129693984985,cdr2b,mhc_alpha
ALA,66,CB,THR,59,C,0.4835717976093292,cdr2b,mhc_alpha
ALA,66,CB,THR,59,O,0.4292376637458801,cdr2b,mhc_alpha
ALA,66,CB,ALA,62,N,0.5675286054611206,cdr2b,mhc_alpha
ALA,66,CB,ALA,62,CA,0.4961094558238983,cdr2b,mhc_alpha
ALA,66,CB,ALA,62,C,0.5175896286964417,cdr2b,mhc_alpha
ALA,66,CB,ALA,62,O,0.5630388259887695,cdr2b,mhc_alpha
ALA,66,CB,VAL,63,N,0.535827100276947,cdr2b,mhc_alpha
