tcrRes,tcrNum,tcrName,mhcRes,mhcNum,mhcName,distance,loop
TYR,50,C,ALA,156,CA,0.5437919497489929,cdr2a
TYR,50,C,ALA,156,C,0.5783354640007019,cdr2a
TYR,50,C,ALA,156,O,0.5769842267036438,cdr2a
TYR,50,O,ALA,156,CA,0.467329204082489,cdr2a
TYR,50,O,ALA,156,C,0.47820302844047546,cdr2a
TYR,50,O,ALA,156,O,0.47494110465049744,cdr2a
TYR,50,O,TYR,159,N,0.54942387342453,cdr2a
SER,51,N,ALA,156,CA,0.5908603668212891,cdr2a
SER,51,CA,ALA,156,CA,0.5750024914741516,cdr2a
SER,51,CA,ALA,156,O,0.556186318397522,cdr2a
