tcrRes,tcrNum,tcrName,mhcRes,mhcNum,mhcName,distance,loop
SER,51,N,ALA,156,CA,0.552692711353302,cdr2a
SER,51,N,ALA,156,C,0.5865373611450195,cdr2a
SER,51,N,ALA,156,O,0.5569642186164856,cdr2a
SER,51,CA,ALA,156,CA,0.5782976746559143,cdr2a
SER,51,CA,ALA,156,C,0.5865943431854248,cdr2a
SER,51,CA,ALA,156,O,0.5276252031326294,cdr2a
SER,51,C,ALA,156,CA,0.5680672526359558,cdr2a
SER,51,C,ALA,156,C,0.5887451767921448,cdr2a
SER,51,C,ALA,156,O,0.521359384059906,cdr2a
SER,51,O,ALA,156,O,0.5892151594161987,cdr2a
ILE,52,N,ALA,156,CA,0.4943088889122009,cdr2a
ILE,52,N,ALA,156,C,0.5446258187294006,cdr2a
ILE,52,N,ALA,156,O,0.49607521295547485,cdr2a
ILE,52,CA,ALA,156,CA,0.5365761518478394,cdr2a
ILE,52,CA,ALA,156,C,0.594446063041687,cdr2a
ILE,52,CA,ALA,156,O,0.5434866547584534,cdr2a
ILE,52,CA,GLY,160,CA,0.5847178101539612,cdr2a
