tcrRes,tcrNum,tcrName,mhcRes,mhcNum,mhcName,distance,loop
GLY,29,CA,ALA,156,O,0.5881518125534058,cdr1a
GLY,29,C,ALA,156,CA,0.5892555117607117,cdr1a
GLY,29,C,ALA,156,C,0.5598338842391968,cdr1a
GLY,29,C,ALA,156,O,0.5623506903648376,cdr1a
GLY,29,C,TYR,159,N,0.578112006187439,cdr1a
GLY,29,O,GLU,152,O,0.5966983437538147,cdr1a
GLY,29,O,GLN,153,CA,0.5723317265510559,cdr1a
GLY,29,O,GLN,153,O,0.5365573763847351,cdr1a
GLY,29,O,ALA,156,CA,0.4955252707004547,cdr1a
GLY,29,O,ALA,156,C,0.49228060245513916,cdr1a
GLY,29,O,ALA,156,O,0.51024329662323,cdr1a
GLY,29,O,TYR,159,N,0.5218394994735718,cdr1a
GLY,29,O,TYR,159,CA,0.5804187059402466,cdr1a
THR,30,CA,GLN,153,CA,0.5577051043510437,cdr1a
THR,30,CA,GLN,153,C,0.5837329626083374,cdr1a
THR,30,CA,GLN,153,O,0.5115854740142822,cdr1a
THR,30,C,GLN,153,CA,0.588659405708313,cdr1a
THR,30,C,GLN,153,O,0.5984213948249817,cdr1a
THR,30,O,GLN,153,CA,0.5399060249328613,cdr1a
THR,30,O,GLN,153,O,0.58061283826828,cdr1a
