tcrRes,tcrNum,tcrName,mhcRes,mhcNum,mhcName,distance,loop
SER,31,N,GLU,152,O,0.5931583046913147,cdr1a
SER,31,N,GLN,153,CA,0.5940978527069092,cdr1a
SER,31,CA,GLU,152,CA,0.5610106587409973,cdr1a
SER,31,CA,GLU,152,C,0.5065749883651733,cdr1a
SER,31,CA,GLU,152,O,0.5030879974365234,cdr1a
SER,31,CA,GLN,153,N,0.5160408616065979,cdr1a
SER,31,CA,GLN,153,CA,0.5232252478599548,cdr1a
SER,31,C,GLU,152,C,0.5797798037528992,cdr1a
SER,31,C,GLN,153,N,0.5794076323509216,cdr1a
SER,31,O,HIS,149,O,0.5641252994537354,cdr1a
SER,31,O,GLU,152,CA,0.5578860640525818,cdr1a
SER,31,O,GLU,152,C,0.5635119080543518,cdr1a
SER,31,O,GLN,153,N,0.5746716856956482,cdr1a
VAL,54,O,GLN,70,CA,0.4959266781806946,cdr2b
VAL,54,O,GLN,70,C,0.5148435235023499,cdr2b
VAL,54,O,GLN,70,O,0.5088642239570618,cdr2b
VAL,54,O,THR,73,N,0.587580680847168,cdr2b
ASP,56,CA,ALA,67,CA,0.5998648405075073,cdr2b
