tcrRes,tcrNum,tcrName,mhcRes,mhcNum,mhcName,distance,loop
TYR,50,C,ALA,156,CA,0.5396059155464172,cdr2a
TYR,50,C,ALA,156,C,0.5707178711891174,cdr2a
TYR,50,C,ALA,156,O,0.5627828240394592,cdr2a
TYR,50,O,ALA,156,CA,0.4963688254356384,cdr2a
TYR,50,O,ALA,156,C,0.4975254237651825,cdr2a
TYR,50,O,ALA,156,O,0.48376014828681946,cdr2a
TYR,50,O,TYR,159,N,0.5635586977005005,cdr2a
SER,51,N,ALA,156,CA,0.5666422247886658,cdr2a
SER,51,N,ALA,156,O,0.5846799612045288,cdr2a
SER,51,CA,ALA,156,CA,0.5553984642028809,cdr2a
SER,51,CA,ALA,156,C,0.5778264999389648,cdr2a
SER,51,CA,ALA,156,O,0.5274550318717957,cdr2a
