tcrRes,tcrNum,tcrName,mhcRes,mhcNum,mhcName,distance,loop
TYR,50,C,ALA,156,CA,0.5329766869544983,cdr2a
TYR,50,C,ALA,156,C,0.5600761771202087,cdr2a
TYR,50,C,ALA,156,O,0.5618950724601746,cdr2a
TYR,50,O,ALA,156,N,0.5874955058097839,cdr2a
TYR,50,O,ALA,156,CA,0.4537700414657593,cdr2a
TYR,50,O,ALA,156,C,0.4569741487503052,cdr2a
TYR,50,O,ALA,156,O,0.4571119248867035,cdr2a
TYR,50,O,TYR,159,N,0.5166577696800232,cdr2a
TYR,50,O,TYR,159,CA,0.5817471742630005,cdr2a
SER,51,N,ALA,156,CA,0.5795958638191223,cdr2a
SER,51,CA,ALA,156,CA,0.5517494678497314,cdr2a
SER,51,CA,ALA,156,C,0.5762730836868286,cdr2a
SER,51,CA,ALA,156,O,0.5361552238464355,cdr2a
