tcrRes,tcrNum,tcrName,mhcRes,mhcNum,mhcName,distance,loop
TYR,50,C,ALA,156,CA,0.5438245534896851,cdr2a
TYR,50,C,ALA,156,C,0.5688157677650452,cdr2a
TYR,50,C,ALA,156,O,0.5525497198104858,cdr2a
TYR,50,O,ALA,156,CA,0.48924529552459717,cdr2a
TYR,50,O,ALA,156,C,0.4857175350189209,cdr2a
TYR,50,O,ALA,156,O,0.4634714126586914,cdr2a
TYR,50,O,TYR,159,N,0.5569621920585632,cdr2a
SER,51,N,ALA,156,CA,0.5782632231712341,cdr2a
SER,51,N,ALA,156,O,0.5831703543663025,cdr2a
SER,51,CA,ALA,156,CA,0.5623167157173157,cdr2a
SER,51,CA,ALA,156,C,0.5810168981552124,cdr2a
SER,51,CA,ALA,156,O,0.5254336595535278,cdr2a
