tcrRes,tcrNum,tcrName,mhcRes,mhcNum,mhcName,distance,loop
THR,28,N,GLY,160,CA,0.5529305934906006,cdr1a
THR,28,N,GLY,160,C,0.5984968543052673,cdr1a
THR,28,CA,GLU,161,O,0.5850349068641663,cdr1a
THR,28,CA,GLY,160,CA,0.5215598344802856,cdr1a
THR,28,CA,GLY,160,C,0.5893182158470154,cdr1a
THR,28,C,GLU,161,C,0.5851695537567139,cdr1a
THR,28,C,GLU,161,O,0.5468418002128601,cdr1a
THR,28,C,GLY,160,N,0.566403329372406,cdr1a
THR,28,C,GLY,160,CA,0.48586878180503845,cdr1a
THR,28,C,GLY,160,C,0.5873216986656189,cdr1a
THR,28,O,GLU,161,C,0.5820357799530029,cdr1a
THR,28,O,GLU,161,O,0.5380597710609436,cdr1a
THR,28,O,GLY,160,N,0.5873795747756958,cdr1a
THR,28,O,GLY,160,CA,0.5340139269828796,cdr1a
THR,29,N,ALA,156,O,0.5568931698799133,cdr1a
THR,29,N,GLU,161,C,0.5878833532333374,cdr1a
THR,29,N,GLU,161,O,0.575914740562439,cdr1a
THR,29,N,GLY,160,N,0.5417507886886597,cdr1a
THR,29,N,GLY,160,CA,0.45557552576065063,cdr1a
THR,29,N,GLY,160,C,0.5588504076004028,cdr1a
THR,29,CA,ALA,156,CA,0.5675383806228638,cdr1a
THR,29,CA,ALA,156,C,0.574590265750885,cdr1a
THR,29,CA,ALA,156,O,0.4906708896160126,cdr1a
THR,29,CA,GLU,161,C,0.5872133374214172,cdr1a
THR,29,CA,GLU,161,O,0.5999637246131897,cdr1a
THR,29,CA,GLY,160,N,0.537214994430542,cdr1a
THR,29,CA,GLY,160,CA,0.48061585426330566,cdr1a
THR,29,C,ALA,156,CA,0.5965579748153687,cdr1a
THR,29,C,ALA,156,O,0.5478596687316895,cdr1a
THR,29,C,GLY,160,CA,0.5928794145584106,cdr1a
THR,29,O,ALA,156,O,0.5671340823173523,cdr1a
