tcrRes,tcrNum,tcrName,mhcRes,mhcNum,mhcName,distance,loop
VAL,49,CA,ARG,63,O,0.5818061232566833,cdr2b
VAL,49,CA,ALA,67,N,0.5740216970443726,cdr2b
VAL,49,CA,ALA,67,CA,0.5413380861282349,cdr2b
VAL,49,C,LYS,66,C,0.535584568977356,cdr2b
VAL,49,C,LYS,66,O,0.5145987868309021,cdr2b
VAL,49,C,ALA,67,N,0.5218024849891663,cdr2b
VAL,49,C,ALA,67,CA,0.4847767651081085,cdr2b
VAL,49,O,ARG,63,O,0.5820255875587463,cdr2b
VAL,49,O,LYS,66,CA,0.5926685929298401,cdr2b
VAL,49,O,LYS,66,C,0.4753775894641876,cdr2b
VAL,49,O,LYS,66,O,0.4440670311450958,cdr2b
VAL,49,O,ALA,67,N,0.4544922709465027,cdr2b
VAL,49,O,ALA,67,CA,0.39295926690101624,cdr2b
VAL,49,O,ALA,67,C,0.49866390228271484,cdr2b
VAL,49,O,ALA,67,O,0.4950803518295288,cdr2b
VAL,49,O,GLN,70,N,0.5662519931793213,cdr2b
VAL,49,O,GLN,70,CA,0.5348225235939026,cdr2b
GLY,50,N,LYS,66,C,0.5815906524658203,cdr2b
GLY,50,N,LYS,66,O,0.5467715263366699,cdr2b
GLY,50,N,ALA,67,N,0.5956614017486572,cdr2b
GLY,50,N,ALA,67,CA,0.5769798755645752,cdr2b
GLY,50,CA,LYS,66,C,0.5690023899078369,cdr2b
GLY,50,CA,LYS,66,O,0.5065166354179382,cdr2b
GLY,50,CA,ALA,67,CA,0.590318500995636,cdr2b
GLY,50,CA,GLN,70,N,0.5963634252548218,cdr2b
GLY,50,CA,GLN,70,CA,0.5450310707092285,cdr2b
GLY,50,C,LYS,66,O,0.5802651643753052,cdr2b
ALA,51,N,GLN,70,CA,0.5837115049362183,cdr2b
ALA,51,O,LYS,66,O,0.5928004384040833,cdr2b
