tcrRes,tcrNum,tcrName,mhcRes,mhcNum,mhcName,distance,loop
GLY,28,C,ALA,156,O,0.5472787618637085,cdr1a
GLY,28,C,THR,161,N,0.5910868048667908,cdr1a
GLY,28,O,ALA,156,CA,0.5246654152870178,cdr1a
GLY,28,O,ALA,156,C,0.5420050024986267,cdr1a
GLY,28,O,ALA,156,O,0.4894217550754547,cdr1a
GLY,28,O,ASP,160,CA,0.59391188621521,cdr1a
GLY,28,O,THR,161,N,0.593343198299408,cdr1a
ASN,29,N,ALA,156,O,0.569245457649231,cdr1a
ASN,29,CA,ALA,156,CA,0.5810651779174805,cdr1a
ASN,29,CA,ALA,156,C,0.5685670375823975,cdr1a
ASN,29,CA,ALA,156,O,0.5405350923538208,cdr1a
GLN,55,O,ASP,67,CA,0.5632941722869873,cdr2b
