tcrRes,tcrNum,tcrName,mhcRes,mhcNum,mhcName,distance,loop
SER,49,N,LYS,66,C,0.5458906888961792,cdr2b
SER,49,N,LYS,66,O,0.523394763469696,cdr2b
SER,49,N,ALA,67,N,0.5572406649589539,cdr2b
SER,49,N,ALA,67,CA,0.5432845950126648,cdr2b
SER,49,CA,LYS,66,CA,0.5960899591445923,cdr2b
SER,49,CA,LYS,66,C,0.5172046422958374,cdr2b
SER,49,CA,LYS,66,O,0.4674224555492401,cdr2b
SER,49,CA,ALA,67,N,0.5592208504676819,cdr2b
SER,49,CA,ALA,67,CA,0.5536836981773376,cdr2b
SER,49,CA,GLN,70,N,0.5495651364326477,cdr2b
SER,49,CA,GLN,70,CA,0.5113340020179749,cdr2b
SER,49,C,LYS,66,O,0.5776071548461914,cdr2b
VAL,50,N,GLN,70,CA,0.5658606290817261,cdr2b
