tcrRes,tcrNum,tcrName,mhcRes,mhcNum,mhcName,distance,loop
TYR,50,C,ALA,156,CA,0.5519423484802246,cdr2a
TYR,50,C,ALA,156,C,0.587829053401947,cdr2a
TYR,50,C,ALA,156,O,0.5707476139068604,cdr2a
TYR,50,O,ALA,156,CA,0.518118679523468,cdr2a
TYR,50,O,ALA,156,C,0.5231772661209106,cdr2a
TYR,50,O,ALA,156,O,0.49425357580184937,cdr2a
SER,51,N,ALA,156,CA,0.5822885036468506,cdr2a
SER,51,CA,ALA,156,CA,0.5735147595405579,cdr2a
SER,51,CA,ALA,156,O,0.5588027834892273,cdr2a
