tcrRes,tcrNum,tcrName,mhcRes,mhcNum,mhcName,distance,loop
PHE,29,O,ALA,156,O,0.5226955413818359,cdr1a
PHE,29,O,GLY,160,CA,0.5865318179130554,cdr1a
PHE,29,O,GLY,160,C,0.5741280317306519,cdr1a
PHE,29,O,LEU,161,N,0.5089718699455261,cdr1a
PHE,29,O,LEU,161,CA,0.5407538414001465,cdr1a
VAL,50,C,ALA,156,CA,0.5822039842605591,cdr2a
VAL,50,O,ALA,156,CA,0.5266473889350891,cdr2a
TYR,50,O,THR,67,CA,0.5619585514068604,cdr2b
