tcrRes,tcrNum,tcrName,mhcRes,mhcNum,mhcName,distance,loop
SER,49,N,LYS,66,C,0.5681131482124329,cdr2b
SER,49,N,LYS,66,O,0.5459765195846558,cdr2b
SER,49,N,ALA,67,N,0.5741490125656128,cdr2b
SER,49,N,ALA,67,CA,0.5605977773666382,cdr2b
SER,49,CA,LYS,66,C,0.5463398098945618,cdr2b
SER,49,CA,LYS,66,O,0.49675244092941284,cdr2b
SER,49,CA,ALA,67,N,0.5813333988189697,cdr2b
SER,49,CA,ALA,67,CA,0.572586178779602,cdr2b
SER,49,CA,GLN,70,N,0.5883185863494873,cdr2b
SER,49,CA,GLN,70,CA,0.5431840419769287,cdr2b
