tcrRes,tcrNum,tcrName,mhcRes,mhcNum,mhcName,distance,loop
VAL,48,CA,LYS,66,O,0.5975306034088135,cdr2b
VAL,48,CA,ALA,67,N,0.575522243976593,cdr2b
VAL,48,CA,ALA,67,CA,0.5318692922592163,cdr2b
VAL,48,C,LYS,66,C,0.5404481291770935,cdr2b
VAL,48,C,LYS,66,O,0.5026606321334839,cdr2b
VAL,48,C,ALA,67,N,0.533318042755127,cdr2b
VAL,48,C,ALA,67,CA,0.48466217517852783,cdr2b
VAL,48,C,ALA,67,C,0.5933372974395752,cdr2b
VAL,48,C,ALA,67,O,0.5895917415618896,cdr2b
VAL,48,O,LYS,66,CA,0.5997087955474854,cdr2b
VAL,48,O,LYS,66,C,0.4728512167930603,cdr2b
VAL,48,O,LYS,66,O,0.4276122450828552,cdr2b
VAL,48,O,ALA,67,N,0.45864203572273254,cdr2b
VAL,48,O,ALA,67,CA,0.3893314301967621,cdr2b
VAL,48,O,ALA,67,C,0.4829030930995941,cdr2b
VAL,48,O,ALA,67,O,0.4695286750793457,cdr2b
VAL,48,O,GLN,70,N,0.5676857829093933,cdr2b
VAL,48,O,GLN,70,CA,0.535294234752655,cdr2b
GLY,49,N,LYS,66,O,0.5473012328147888,cdr2b
GLY,49,N,ALA,67,CA,0.5865278244018555,cdr2b
GLY,49,CA,LYS,66,O,0.523070216178894,cdr2b
GLY,49,CA,GLN,70,CA,0.5458829402923584,cdr2b
