tcrRes,tcrNum,tcrName,mhcRes,mhcNum,mhcName,distance,loop
SER,31,N,GLU,152,C,0.5914821028709412,cdr1a
SER,31,N,GLU,152,O,0.5694625973701477,cdr1a
SER,31,N,GLN,153,N,0.5934949517250061,cdr1a
SER,31,N,GLN,153,CA,0.5879440307617188,cdr1a
SER,31,CA,GLU,152,CA,0.5361694097518921,cdr1a
SER,31,CA,GLU,152,C,0.47765427827835083,cdr1a
SER,31,CA,GLU,152,O,0.473092645406723,cdr1a
SER,31,CA,GLN,153,N,0.48945486545562744,cdr1a
SER,31,CA,GLN,153,CA,0.515558123588562,cdr1a
SER,31,C,HIS,149,O,0.5891956090927124,cdr1a
SER,31,C,GLU,152,CA,0.5664790272712708,cdr1a
SER,31,C,GLU,152,C,0.540789008140564,cdr1a
SER,31,C,GLU,152,O,0.5677942633628845,cdr1a
SER,31,C,GLN,153,N,0.5407783389091492,cdr1a
SER,31,C,GLN,153,CA,0.5898714661598206,cdr1a
SER,31,O,HIS,149,O,0.5458681583404541,cdr1a
SER,31,O,GLU,152,CA,0.5142730474472046,cdr1a
SER,31,O,GLU,152,C,0.5231375694274902,cdr1a
SER,31,O,GLU,152,O,0.5658621191978455,cdr1a
SER,31,O,GLN,153,N,0.5359624624252319,cdr1a
VAL,54,O,GLN,70,CA,0.5500668287277222,cdr2b
VAL,54,O,GLN,70,C,0.5523654818534851,cdr2b
VAL,54,O,GLN,70,O,0.5080602169036865,cdr2b
