tcrRes,tcrNum,tcrName,mhcRes,mhcNum,mhcName,distance,loop
SER,31,CA,GLU,152,CA,0.5610924959182739,cdr1a
SER,31,CA,GLU,152,C,0.5131520628929138,cdr1a
SER,31,CA,GLU,152,O,0.5126968622207642,cdr1a
SER,31,CA,GLN,153,N,0.5276413559913635,cdr1a
SER,31,CA,GLN,153,CA,0.5437599420547485,cdr1a
SER,31,C,GLU,152,CA,0.595977246761322,cdr1a
SER,31,C,GLU,152,C,0.5737838745117188,cdr1a
SER,31,C,GLN,153,N,0.5724242329597473,cdr1a
SER,31,O,HIS,149,O,0.5819944739341736,cdr1a
SER,31,O,GLU,152,CA,0.5504772067070007,cdr1a
SER,31,O,GLU,152,C,0.5594326853752136,cdr1a
SER,31,O,GLN,153,N,0.5672774314880371,cdr1a
VAL,54,O,GLN,70,CA,0.5094424486160278,cdr2b
VAL,54,O,GLN,70,C,0.5380707383155823,cdr2b
VAL,54,O,GLN,70,O,0.5370124578475952,cdr2b
