tcrRes,tcrNum,tcrName,mhcRes,mhcNum,mhcName,distance,loop
SER,31,N,GLU,152,C,0.5996851921081543,cdr1a
SER,31,N,GLU,152,O,0.5815197825431824,cdr1a
SER,31,N,GLN,153,CA,0.5933241248130798,cdr1a
SER,31,CA,GLU,152,CA,0.5458872318267822,cdr1a
SER,31,CA,GLU,152,C,0.49550992250442505,cdr1a
SER,31,CA,GLU,152,O,0.49766337871551514,cdr1a
SER,31,CA,GLN,153,N,0.5059306025505066,cdr1a
SER,31,CA,GLN,153,CA,0.5267472267150879,cdr1a
SER,31,C,GLU,152,CA,0.5939764380455017,cdr1a
SER,31,C,GLU,152,C,0.5748295783996582,cdr1a
SER,31,C,GLN,153,N,0.5757485628128052,cdr1a
SER,31,O,GLU,152,CA,0.5633974075317383,cdr1a
SER,31,O,GLU,152,C,0.5767692923545837,cdr1a
SER,31,O,GLN,153,N,0.5930684804916382,cdr1a
VAL,54,O,GLN,70,CA,0.523895263671875,cdr2b
VAL,54,O,GLN,70,C,0.5275374054908752,cdr2b
VAL,54,O,GLN,70,O,0.4878734052181244,cdr2b
