tcrRes,tcrNum,tcrName,mhcRes,mhcNum,mhcName,distance,loop
TYR,50,C,ALA,156,CA,0.542924165725708,cdr2a
TYR,50,C,ALA,156,C,0.579792857170105,cdr2a
TYR,50,C,ALA,156,O,0.5562615394592285,cdr2a
TYR,50,O,ALA,156,CA,0.5070639252662659,cdr2a
TYR,50,O,ALA,156,C,0.5134564638137817,cdr2a
TYR,50,O,ALA,156,O,0.4807284474372864,cdr2a
SER,51,N,ALA,156,CA,0.5660235285758972,cdr2a
SER,51,N,ALA,156,O,0.5783854126930237,cdr2a
SER,51,CA,ALA,156,CA,0.5632535815238953,cdr2a
SER,51,CA,ALA,156,C,0.5891556143760681,cdr2a
SER,51,CA,ALA,156,O,0.528163731098175,cdr2a
