tcrRes,tcrNum,tcrName,mhcRes,mhcNum,mhcName,distance,loop
TYR,50,C,ALA,156,CA,0.5602265000343323,cdr2a
TYR,50,C,ALA,156,C,0.5911650657653809,cdr2a
TYR,50,C,ALA,156,O,0.5718660354614258,cdr2a
TYR,50,O,ALA,156,CA,0.5061714053153992,cdr2a
TYR,50,O,ALA,156,C,0.5105618238449097,cdr2a
TYR,50,O,ALA,156,O,0.4873354434967041,cdr2a
TYR,50,O,TYR,159,N,0.5887353420257568,cdr2a
SER,51,N,ALA,156,CA,0.5910026431083679,cdr2a
SER,51,N,ALA,156,O,0.5946148633956909,cdr2a
SER,51,CA,ALA,156,CA,0.571906328201294,cdr2a
SER,51,CA,ALA,156,C,0.590309202671051,cdr2a
SER,51,CA,ALA,156,O,0.5313190221786499,cdr2a
