tcrRes,tcrNum,tcrName,mhcRes,mhcNum,mhcName,distance,loop
GLY,30,N,ALA,156,O,0.5806912779808044,cdr1a
GLY,30,CA,ALA,156,CA,0.5799410343170166,cdr1a
GLY,30,CA,ALA,156,C,0.5897791385650635,cdr1a
GLY,30,CA,ALA,156,O,0.5586429238319397,cdr1a
GLY,30,C,ALA,156,CA,0.5132665634155273,cdr1a
GLY,30,C,ALA,156,C,0.5301357507705688,cdr1a
GLY,30,C,ALA,156,O,0.5286713242530823,cdr1a
GLY,30,C,TYR,159,N,0.5946497321128845,cdr1a
GLY,30,O,ALA,156,CA,0.5122607946395874,cdr1a
GLY,30,O,ALA,156,C,0.5608274936676025,cdr1a
GLY,30,O,ALA,156,O,0.580929160118103,cdr1a
ASN,31,N,ALA,156,CA,0.5071700215339661,cdr1a
ASN,31,N,ALA,156,C,0.49070975184440613,cdr1a
ASN,31,N,ALA,156,O,0.4905228614807129,cdr1a
ASN,31,N,TYR,159,N,0.531955361366272,cdr1a
ASN,31,N,TYR,159,CA,0.5821834802627563,cdr1a
ASN,31,CA,ALA,156,CA,0.5127115845680237,cdr1a
ASN,31,CA,ALA,156,C,0.496218204498291,cdr1a
ASN,31,CA,ALA,156,O,0.5260444283485413,cdr1a
ASN,31,CA,TYR,159,N,0.5037176012992859,cdr1a
ASN,31,CA,TYR,159,CA,0.5526692271232605,cdr1a
LEU,66,O,GLN,63,CA,0.5446677207946777,cdr2b
