tcrRes,tcrNum,tcrName,mhcRes,mhcNum,mhcName,distance,loop
PRO,30,CA,GLU,164,C,0.5750108361244202,cdr1a
PRO,30,CA,GLU,164,O,0.5344873666763306,cdr1a
PRO,30,C,GLU,164,CA,0.5654459595680237,cdr1a
PRO,30,C,GLU,164,C,0.5653976202011108,cdr1a
PRO,30,C,GLU,164,O,0.553969144821167,cdr1a
PRO,30,O,GLU,164,CA,0.5454596877098083,cdr1a
PRO,30,O,GLU,164,C,0.5742318630218506,cdr1a
PRO,30,O,GLU,164,O,0.5649088025093079,cdr1a
SER,31,N,GLU,164,CA,0.5952835083007812,cdr1a
SER,31,N,GLU,164,C,0.5931164622306824,cdr1a
GLY,28,O,ALA,148,CA,0.5859636664390564,cdr1b
VAL,66,O,GLN,63,CA,0.5625382661819458,cdr2b
VAL,66,O,GLN,63,O,0.5966014862060547,cdr2b
