tcrRes,tcrNum,tcrName,mhcRes,mhcNum,mhcName,distance,loop
TYR,50,C,ALA,156,CA,0.5297573804855347,cdr2a
TYR,50,C,ALA,156,C,0.5991286039352417,cdr2a
TYR,50,C,ALA,156,O,0.5898663401603699,cdr2a
TYR,50,O,ALA,156,CA,0.4954279363155365,cdr2a
TYR,50,O,ALA,156,C,0.5360208749771118,cdr2a
TYR,50,O,ALA,156,O,0.5115053653717041,cdr2a
SER,51,N,ALA,156,CA,0.5467567443847656,cdr2a
SER,51,CA,ALA,156,CA,0.5291189551353455,cdr2a
SER,51,CA,ALA,156,O,0.5684991478919983,cdr2a
