tcrRes,tcrNum,tcrName,mhcRes,mhcNum,mhcName,distance,loop
ARG,28,O,THR,161,CA,0.5985958576202393,cdr1a
TYR,51,C,ALA,156,CA,0.5446243286132812,cdr2a
TYR,51,O,ALA,156,N,0.551897406578064,cdr2a
TYR,51,O,ALA,156,CA,0.43770432472229004,cdr2a
TYR,51,O,ALA,156,C,0.5040596127510071,cdr2a
TYR,51,O,ALA,156,O,0.5293585658073425,cdr2a
TYR,51,O,TYR,159,N,0.5780008435249329,cdr2a
SER,52,CA,ALA,156,CA,0.5709617137908936,cdr2a
VAL,51,O,GLN,70,CA,0.5856709480285645,cdr2b
