tcrRes,tcrNum,tcrName,mhcRes,mhcNum,mhcName,distance,loop
GLY,29,CA,ALA,156,O,0.5890834331512451,cdr1a
GLY,29,C,ALA,156,CA,0.5513849854469299,cdr1a
GLY,29,C,ALA,156,C,0.5531112551689148,cdr1a
GLY,29,C,ALA,156,O,0.5677201151847839,cdr1a
GLY,29,C,TYR,159,N,0.5879936218261719,cdr1a
GLY,29,O,GLN,153,CA,0.5869619846343994,cdr1a
GLY,29,O,GLN,153,O,0.5710804462432861,cdr1a
GLY,29,O,ALA,156,N,0.5934014320373535,cdr1a
GLY,29,O,ALA,156,CA,0.4827214479446411,cdr1a
GLY,29,O,ALA,156,C,0.5166286826133728,cdr1a
GLY,29,O,ALA,156,O,0.5461083650588989,cdr1a
GLY,29,O,TYR,159,N,0.562874972820282,cdr1a
THR,30,N,ALA,156,C,0.5945826768875122,cdr1a
THR,30,CA,GLN,153,CA,0.5367776155471802,cdr1a
THR,30,CA,GLN,153,C,0.5783612728118896,cdr1a
THR,30,CA,GLN,153,O,0.5208142995834351,cdr1a
THR,30,CA,TYR,159,N,0.5832013487815857,cdr1a
THR,30,C,GLN,153,CA,0.5850494503974915,cdr1a
THR,30,O,GLN,153,CA,0.5529600381851196,cdr1a
