tcrRes,tcrNum,tcrName,mhcRes,mhcNum,mhcName,distance,loop
GLY,29,CA,ALA,156,O,0.5794373750686646,cdr1a
GLY,29,C,ALA,156,CA,0.5573000907897949,cdr1a
GLY,29,C,ALA,156,C,0.5432981252670288,cdr1a
GLY,29,C,ALA,156,O,0.5514421463012695,cdr1a
GLY,29,C,TYR,159,N,0.5733654499053955,cdr1a
GLY,29,O,GLN,153,CA,0.5900009274482727,cdr1a
GLY,29,O,GLN,153,O,0.5538554191589355,cdr1a
GLY,29,O,ALA,156,N,0.5768780708312988,cdr1a
GLY,29,O,ALA,156,CA,0.4648233950138092,cdr1a
GLY,29,O,ALA,156,C,0.47908487915992737,cdr1a
GLY,29,O,ALA,156,O,0.5007117986679077,cdr1a
GLY,29,O,TYR,159,N,0.5227925181388855,cdr1a
GLY,29,O,TYR,159,CA,0.5964295864105225,cdr1a
THR,30,CA,GLN,153,CA,0.5418268442153931,cdr1a
THR,30,CA,GLN,153,C,0.5858743190765381,cdr1a
THR,30,CA,GLN,153,O,0.5350874066352844,cdr1a
THR,30,CA,TYR,159,N,0.5877132415771484,cdr1a
THR,30,C,GLN,153,CA,0.5863286256790161,cdr1a
THR,30,O,GLN,153,CA,0.5503127574920654,cdr1a
