tcrRes,tcrNum,tcrName,mhcRes,mhcNum,mhcName,distance,loop
THR,29,CA,GLY,160,CA,0.5663251280784607,cdr1a
THR,29,C,GLU,161,O,0.5998035669326782,cdr1a
THR,29,C,GLY,160,CA,0.5305038690567017,cdr1a
THR,29,O,GLY,160,CA,0.5770792365074158,cdr1a
THR,30,N,ALA,156,O,0.5871074795722961,cdr1a
THR,30,N,GLY,160,N,0.5876768827438354,cdr1a
THR,30,N,GLY,160,CA,0.49432373046875,cdr1a
THR,30,N,GLY,160,C,0.5887163281440735,cdr1a
THR,30,CA,ALA,156,CA,0.5769496560096741,cdr1a
THR,30,CA,ALA,156,C,0.5876773595809937,cdr1a
THR,30,CA,ALA,156,O,0.5027202367782593,cdr1a
THR,30,CA,GLY,160,N,0.5615754723548889,cdr1a
THR,30,CA,GLY,160,CA,0.4904952645301819,cdr1a
THR,30,C,ALA,156,O,0.5536847114562988,cdr1a
THR,30,O,ALA,156,O,0.571881890296936,cdr1a
