tcrRes,tcrNum,tcrName,mhcRes,mhcNum,mhcName,distance,loop
SER,28,C,LEU,161,CA,0.5751386284828186,cdr1a
SER,28,O,LEU,161,N,0.5309238433837891,cdr1a
SER,28,O,LEU,161,CA,0.4991944134235382,cdr1a
GLY,29,CA,LEU,161,N,0.5587332248687744,cdr1a
GLY,29,CA,LEU,161,CA,0.5718656778335571,cdr1a
LEU,30,O,ALA,156,CA,0.5827009677886963,cdr1a
LEU,30,O,ALA,156,C,0.598479688167572,cdr1a
ARG,66,O,THR,67,CA,0.5753202438354492,cdr2b
