tcrRes,tcrNum,tcrName,mhcRes,mhcNum,mhcName,distance,loop
SER,28,C,LEU,161,CA,0.5907063484191895,cdr1a
SER,28,O,LEU,161,N,0.5492035746574402,cdr1a
SER,28,O,LEU,161,CA,0.5019779205322266,cdr1a
GLY,29,CA,LEU,161,N,0.5723713636398315,cdr1a
GLY,29,CA,LEU,161,CA,0.5699805021286011,cdr1a
LEU,30,O,ALA,156,CA,0.5796172022819519,cdr1a
LEU,30,O,ALA,156,C,0.5927459597587585,cdr1a
ARG,66,O,THR,67,CA,0.5758537650108337,cdr2b
