tcrRes,tcrNum,tcrName,mhcRes,mhcNum,mhcName,distance,loop
SER,28,C,LEU,161,CA,0.5968689918518066,cdr1a
SER,28,O,LEU,161,N,0.5591206550598145,cdr1a
SER,28,O,LEU,161,CA,0.5130316019058228,cdr1a
GLY,29,CA,LEU,161,N,0.5633676052093506,cdr1a
GLY,29,CA,LEU,161,CA,0.5662549734115601,cdr1a
LEU,30,O,ALA,156,CA,0.5862764120101929,cdr1a
