tcrRes,tcrNum,tcrName,mhcRes,mhcNum,mhcName,distance,loop
TYR,50,C,ALA,156,CA,0.5327560901641846,cdr2a
TYR,50,C,ALA,156,C,0.577846884727478,cdr2a
TYR,50,C,ALA,156,O,0.5679657459259033,cdr2a
TYR,50,O,ALA,156,CA,0.4878065884113312,cdr2a
TYR,50,O,ALA,156,C,0.5027984380722046,cdr2a
TYR,50,O,ALA,156,O,0.48268601298332214,cdr2a
TYR,50,O,TYR,159,N,0.5850951671600342,cdr2a
SER,51,N,ALA,156,CA,0.5635746121406555,cdr2a
SER,51,CA,ALA,156,CA,0.5486244559288025,cdr2a
SER,51,CA,ALA,156,C,0.5909872651100159,cdr2a
SER,51,CA,ALA,156,O,0.5457049608230591,cdr2a
