tcrRes,tcrNum,tcrName,mhcRes,mhcNum,mhcName,distance,loop
TYR,50,C,ALA,156,CA,0.582608163356781,cdr2a
TYR,50,C,ALA,156,O,0.5931950807571411,cdr2a
TYR,50,O,ALA,156,CA,0.5992808938026428,cdr2a
TYR,50,O,ALA,156,C,0.5981757044792175,cdr2a
TYR,50,O,ALA,156,O,0.5605759620666504,cdr2a
SER,51,N,ALA,156,CA,0.567480206489563,cdr2a
SER,51,N,ALA,156,O,0.5987684726715088,cdr2a
SER,51,CA,ALA,156,CA,0.5699723362922668,cdr2a
SER,51,CA,ALA,156,O,0.5668200850486755,cdr2a
THR,54,CA,GLN,70,C,0.5844608545303345,cdr2b
THR,54,CA,GLN,70,O,0.5489898920059204,cdr2b
ALA,55,O,GLN,70,O,0.5837187767028809,cdr2b
