tcrRes,tcrNum,tcrName,mhcRes,mhcNum,mhcName,distance,loop
TYR,50,C,ALA,156,CA,0.565920352935791,cdr2a
TYR,50,C,ALA,156,C,0.5998038053512573,cdr2a
TYR,50,C,ALA,156,O,0.5894225239753723,cdr2a
TYR,50,O,ALA,156,CA,0.5567585229873657,cdr2a
TYR,50,O,ALA,156,C,0.558043360710144,cdr2a
TYR,50,O,ALA,156,O,0.5312159061431885,cdr2a
SER,51,N,ALA,156,CA,0.5800273418426514,cdr2a
SER,51,CA,ALA,156,CA,0.5735911130905151,cdr2a
SER,51,CA,ALA,156,O,0.5776201486587524,cdr2a
THR,54,CA,GLN,70,C,0.5957474708557129,cdr2b
THR,54,CA,GLN,70,O,0.5640496611595154,cdr2b
