tcrRes,tcrNum,tcrName,mhcRes,mhcNum,mhcName,distance,loop
TYR,49,C,ALA,156,CA,0.5580399036407471,cdr2a
TYR,49,C,ALA,156,C,0.5995482206344604,cdr2a
TYR,49,O,GLN,153,O,0.5468012690544128,cdr2a
TYR,49,O,ALA,156,CA,0.5036091208457947,cdr2a
TYR,49,O,ALA,156,C,0.5182219743728638,cdr2a
TYR,49,O,ALA,156,O,0.5208893418312073,cdr2a
TYR,49,O,TYR,159,N,0.5754812955856323,cdr2a
LYS,50,N,ALA,156,CA,0.5856545567512512,cdr2a
LYS,50,CA,ALA,156,CA,0.580906867980957,cdr2a
LYS,50,CA,ALA,156,O,0.5776731371879578,cdr2a
