tcrRes,tcrNum,tcrName,mhcRes,mhcNum,mhcName,distance,loop
TYR,49,CA,GLN,153,CA,0.5955992341041565,cdr2a
TYR,49,C,GLU,152,O,0.5902146697044373,cdr2a
TYR,49,C,ALA,156,CA,0.5511834621429443,cdr2a
TYR,49,O,ALA,156,CA,0.5060444474220276,cdr2a
TYR,49,O,ALA,156,C,0.5527785420417786,cdr2a
TYR,49,O,ALA,156,O,0.5724533200263977,cdr2a
LYS,50,N,GLU,152,O,0.5864961743354797,cdr2a
LYS,50,N,ALA,156,CA,0.5628036260604858,cdr2a
LYS,50,CA,ALA,156,CA,0.5356106162071228,cdr2a
TYR,50,O,GLN,70,CA,0.553097665309906,cdr2b
