tcrRes,tcrNum,tcrName,mhcRes,mhcNum,mhcName,distance,loop
TYR,50,C,ALA,156,CA,0.5325791835784912,cdr2a
TYR,50,C,ALA,156,C,0.5643255710601807,cdr2a
TYR,50,C,ALA,156,O,0.544867217540741,cdr2a
TYR,50,O,ALA,156,CA,0.4812597334384918,cdr2a
TYR,50,O,ALA,156,C,0.4827062487602234,cdr2a
TYR,50,O,ALA,156,O,0.45456141233444214,cdr2a
TYR,50,O,TYR,159,N,0.565872073173523,cdr2a
SER,51,N,ALA,156,CA,0.5675118565559387,cdr2a
SER,51,N,ALA,156,O,0.5808171033859253,cdr2a
SER,51,CA,ALA,156,CA,0.5547505617141724,cdr2a
SER,51,CA,ALA,156,C,0.5845648646354675,cdr2a
SER,51,CA,ALA,156,O,0.5294193625450134,cdr2a
