tcrRes,tcrNum,tcrName,mhcRes,mhcNum,mhcName,distance,loop
TYR,57,CA,GLU,152,C,0.5563174486160278,cdr2a
TYR,57,CA,GLU,152,O,0.5229781270027161,cdr2a
TYR,57,CA,GLN,153,N,0.5577813386917114,cdr2a
TYR,57,CA,GLN,153,CA,0.5238407850265503,cdr2a
TYR,57,C,GLU,152,C,0.5174583196640015,cdr2a
TYR,57,C,GLU,152,O,0.4535808265209198,cdr2a
TYR,57,C,GLN,153,N,0.5466631054878235,cdr2a
TYR,57,C,GLN,153,CA,0.5146806240081787,cdr2a
TYR,57,C,GLN,153,O,0.5966634750366211,cdr2a
TYR,57,C,ALA,156,CA,0.5694082975387573,cdr2a
TYR,57,O,GLU,152,C,0.5257304310798645,cdr2a
TYR,57,O,GLU,152,O,0.4464435875415802,cdr2a
TYR,57,O,GLN,153,N,0.5487143993377686,cdr2a
TYR,57,O,GLN,153,CA,0.4912485182285309,cdr2a
TYR,57,O,GLN,153,C,0.5590011477470398,cdr2a
TYR,57,O,GLN,153,O,0.5248323678970337,cdr2a
TYR,57,O,ALA,156,N,0.5563332438468933,cdr2a
TYR,57,O,ALA,156,CA,0.48059171438217163,cdr2a
TYR,57,O,ALA,156,C,0.5684678554534912,cdr2a
SER,58,N,GLU,152,CA,0.5957353711128235,cdr2a
SER,58,N,GLU,152,C,0.5246915221214294,cdr2a
SER,58,N,GLU,152,O,0.456123024225235,cdr2a
SER,58,N,GLN,153,N,0.5819121599197388,cdr2a
SER,58,N,GLN,153,CA,0.579723060131073,cdr2a
SER,58,N,ALA,156,CA,0.5957149267196655,cdr2a
SER,58,CA,GLU,152,C,0.5393934845924377,cdr2a
SER,58,CA,GLU,152,O,0.4472173750400543,cdr2a
SER,58,CA,ALA,156,N,0.5797595977783203,cdr2a
SER,58,CA,ALA,156,CA,0.5238038897514343,cdr2a
SER,58,C,GLU,152,O,0.591244101524353,cdr2a
SER,58,C,ALA,156,CA,0.5960522294044495,cdr2a
SER,58,O,ALA,156,CA,0.5643121600151062,cdr2a
VAL,57,CA,GLN,70,O,0.5461447238922119,cdr2b
VAL,57,C,GLN,70,O,0.5672580599784851,cdr2b
VAL,57,O,GLN,70,O,0.5268215537071228,cdr2b
VAL,57,O,GLU,74,CA,0.5947747230529785,cdr2b
