tcrRes,tcrNum,tcrName,mhcRes,mhcNum,mhcName,distance,loop
ILE,55,CA,ARG,63,O,0.5871575474739075,cdr2b
ILE,55,C,ARG,63,CA,0.5889865159988403,cdr2b
ILE,55,C,ARG,63,O,0.5958153605461121,cdr2b
ILE,55,O,ARG,63,CA,0.48152828216552734,cdr2b
ILE,55,O,ARG,63,C,0.5435925722122192,cdr2b
ILE,55,O,ARG,63,O,0.5233796238899231,cdr2b
