tcrRes,tcrNum,tcrName,mhcRes,mhcNum,mhcName,distance,loop
GLY,28,O,THR,161,CA,0.5163102149963379,cdr1a
GLY,28,O,THR,161,C,0.5794405341148376,cdr1a
GLY,28,O,THR,161,O,0.5696197152137756,cdr1a
ALA,29,CA,THR,161,CA,0.594140887260437,cdr1a
PHE,51,O,GLN,153,CA,0.5557789206504822,cdr2a
SER,52,N,HIS,149,O,0.5717993378639221,cdr2a
SER,52,N,GLN,153,N,0.5936855673789978,cdr2a
SER,52,N,GLN,153,CA,0.5742916464805603,cdr2a
SER,52,CA,HIS,149,O,0.571674108505249,cdr2a
SER,52,C,HIS,149,N,0.5981714129447937,cdr2a
SER,52,C,HIS,149,CA,0.552193820476532,cdr2a
SER,52,C,HIS,149,C,0.5761640071868896,cdr2a
SER,52,C,HIS,149,O,0.5063652396202087,cdr2a
SER,52,C,GLN,153,N,0.5834496021270752,cdr2a
SER,52,O,HIS,149,N,0.5076961517333984,cdr2a
SER,52,O,HIS,149,CA,0.45877593755722046,cdr2a
SER,52,O,HIS,149,C,0.506839394569397,cdr2a
SER,52,O,HIS,149,O,0.45675894618034363,cdr2a
SER,52,O,GLU,152,CA,0.5941796898841858,cdr2a
SER,52,O,GLN,153,N,0.5933650732040405,cdr2a
GLY,53,N,HIS,149,O,0.5541321635246277,cdr2a
GLY,53,N,GLU,152,CA,0.5723688006401062,cdr2a
GLY,53,N,GLU,152,C,0.5636060237884521,cdr2a
GLY,53,N,GLN,153,N,0.5617837309837341,cdr2a
GLY,53,CA,HIS,149,O,0.5753655433654785,cdr2a
GLY,53,CA,GLU,152,CA,0.5221989750862122,cdr2a
GLY,53,CA,GLU,152,C,0.5435907244682312,cdr2a
GLY,53,CA,GLU,152,O,0.5790748000144958,cdr2a
GLY,53,CA,GLN,153,N,0.573010265827179,cdr2a
