tcrRes,tcrNum,tcrName,mhcRes,mhcNum,mhcName,distance,loop
SER,53,N,GLU,152,O,0.5878732204437256,cdr2a
SER,53,N,ALA,156,CA,0.5744694471359253,cdr2a
SER,53,CA,GLU,152,O,0.5705342888832092,cdr2a
SER,53,CA,ALA,156,CA,0.5786889791488647,cdr2a
LEU,55,C,GLY,63,CA,0.5657711029052734,cdr2b
LEU,55,O,GLY,63,N,0.5612313151359558,cdr2b
LEU,55,O,GLY,63,CA,0.4685356914997101,cdr2b
LEU,55,O,GLY,63,C,0.5607632994651794,cdr2b
LEU,55,O,GLY,63,O,0.5443891286849976,cdr2b
