tcrRes,tcrNum,tcrName,mhcRes,mhcNum,mhcName,distance,loop
SER,53,N,GLU,152,O,0.5945658087730408,cdr2a
SER,53,CA,GLU,152,O,0.5524789690971375,cdr2a
SER,53,CA,ALA,156,CA,0.591965913772583,cdr2a
LEU,55,C,GLY,63,CA,0.5754420757293701,cdr2b
LEU,55,O,GLY,63,N,0.5719570517539978,cdr2b
LEU,55,O,GLY,63,CA,0.4750720262527466,cdr2b
LEU,55,O,GLY,63,C,0.5668363571166992,cdr2b
LEU,55,O,GLY,63,O,0.5544120073318481,cdr2b
