tcrRes,tcrNum,tcrName,mhcRes,mhcNum,mhcName,distance,loop
TYR,50,CA,ALA,156,CA,0.5869356393814087,cdr2a
TYR,50,C,ALA,156,CA,0.5043544173240662,cdr2a
TYR,50,C,ALA,156,C,0.575608491897583,cdr2a
TYR,50,O,ALA,156,N,0.5817858576774597,cdr2a
TYR,50,O,ALA,156,CA,0.4574858248233795,cdr2a
TYR,50,O,ALA,156,C,0.49917858839035034,cdr2a
TYR,50,O,ALA,156,O,0.5174033641815186,cdr2a
TYR,50,O,TYR,159,N,0.562348484992981,cdr2a
SER,51,N,ALA,156,CA,0.5298631191253662,cdr2a
SER,51,CA,ALA,156,CA,0.5129115581512451,cdr2a
SER,51,CA,ALA,156,C,0.5928030610084534,cdr2a
SER,51,CA,ALA,156,O,0.5880431532859802,cdr2a
