tcrRes,tcrNum,tcrName,mhcRes,mhcNum,mhcName,distance,loop
TYR,50,C,ALA,156,CA,0.5286251306533813,cdr2a
TYR,50,C,ALA,156,C,0.5611624717712402,cdr2a
TYR,50,C,ALA,156,O,0.5397838354110718,cdr2a
TYR,50,O,ALA,156,CA,0.46781015396118164,cdr2a
TYR,50,O,ALA,156,C,0.47341683506965637,cdr2a
TYR,50,O,ALA,156,O,0.44996851682662964,cdr2a
TYR,50,O,TYR,159,N,0.5549030900001526,cdr2a
SER,51,N,ALA,156,CA,0.569693922996521,cdr2a
SER,51,N,ALA,156,O,0.5684114694595337,cdr2a
SER,51,CA,ALA,156,CA,0.5466482043266296,cdr2a
SER,51,CA,ALA,156,C,0.5656723380088806,cdr2a
SER,51,CA,ALA,156,O,0.5028300285339355,cdr2a
ASN,52,N,GLY,160,CA,0.5954480171203613,cdr2a
