tcrRes,tcrNum,tcrName,mhcRes,mhcNum,mhcName,distance,loop
TYR,54,C,GLN,153,CA,0.5903450846672058,cdr2a
TYR,54,O,GLN,153,N,0.5875464081764221,cdr2a
TYR,54,O,GLN,153,CA,0.49726760387420654,cdr2a
TYR,54,O,GLN,153,C,0.5969012379646301,cdr2a
TYR,54,O,GLN,153,O,0.5930740833282471,cdr2a
VAL,57,O,GLU,74,CA,0.5667864084243774,cdr2b
