tcrRes,tcrNum,tcrName,mhcRes,mhcNum,mhcName,distance,loop
THR,30,N,GLY,160,CA,0.5601887702941895,cdr1a
THR,30,CA,GLU,161,O,0.5980818271636963,cdr1a
THR,30,CA,GLY,160,CA,0.52079838514328,cdr1a
THR,30,C,GLY,160,N,0.5895332098007202,cdr1a
THR,30,C,GLY,160,CA,0.517819881439209,cdr1a
THR,30,O,GLY,160,CA,0.585956335067749,cdr1a
THR,36,N,ALA,156,O,0.538112998008728,cdr1a
THR,36,N,GLY,160,N,0.5615715384483337,cdr1a
THR,36,N,GLY,160,CA,0.4852505326271057,cdr1a
THR,36,N,GLY,160,C,0.5922637581825256,cdr1a
THR,36,CA,ALA,156,CA,0.5481986403465271,cdr1a
THR,36,CA,ALA,156,C,0.5704694390296936,cdr1a
THR,36,CA,ALA,156,O,0.5023773908615112,cdr1a
THR,36,CA,GLY,160,N,0.5903596878051758,cdr1a
THR,36,CA,GLY,160,CA,0.5408463478088379,cdr1a
THR,36,C,ALA,156,O,0.5779594779014587,cdr1a
THR,36,O,ALA,156,O,0.5835808515548706,cdr1a
