tcrRes,tcrNum,tcrName,mhcRes,mhcNum,mhcName,distance,loop
LEU,57,C,LEU,161,N,0.5786828994750977,cdr2a
LEU,57,C,LEU,161,CA,0.58284592628479,cdr2a
LEU,57,O,GLY,160,C,0.5847117900848389,cdr2a
LEU,57,O,GLY,160,O,0.5962268710136414,cdr2a
LEU,57,O,LEU,161,N,0.551423192024231,cdr2a
LEU,57,O,LEU,161,CA,0.5294292569160461,cdr2a
SER,58,N,GLY,160,CA,0.5942586660385132,cdr2a
SER,58,N,GLY,160,C,0.5829622149467468,cdr2a
SER,58,N,LEU,161,N,0.57834392786026,cdr2a
SER,58,CA,GLY,160,CA,0.5326216220855713,cdr2a
SER,58,CA,GLY,160,C,0.5197225213050842,cdr2a
SER,58,CA,GLY,160,O,0.5268550515174866,cdr2a
SER,58,CA,LEU,161,N,0.5448529720306396,cdr2a
SER,58,CA,LEU,161,CA,0.5870160460472107,cdr2a
SER,58,CA,GLU,164,CA,0.5959675312042236,cdr2a
SER,58,C,GLY,160,CA,0.5950978398323059,cdr2a
ASN,59,O,GLU,161,O,0.578290581703186,cdr2a
ASN,59,O,GLY,160,CA,0.5951794981956482,cdr2a
ARG,66,C,PRO,55,CA,0.5963675379753113,cdr2b
ARG,66,O,PRO,55,N,0.5698827505111694,cdr2b
ARG,66,O,PRO,55,CA,0.5193461775779724,cdr2b
