tcrRes,tcrNum,tcrName,mhcRes,mhcNum,mhcName,distance,loop
TYR,50,C,ALA,156,CA,0.5901796221733093,cdr2a
TYR,50,O,ALA,156,CA,0.5956002473831177,cdr2a
TYR,50,O,ALA,156,O,0.597095251083374,cdr2a
SER,51,N,ALA,156,CA,0.5992711186408997,cdr2a
SER,51,CA,ALA,156,CA,0.598500669002533,cdr2a
