tcrRes,tcrNum,tcrName,mhcRes,mhcNum,mhcName,distance,loop
ASN,30,O,ALA,156,C,0.5968633890151978,cdr1a
ASN,30,O,ALA,156,O,0.5598256587982178,cdr1a
ASN,31,CA,GLN,153,O,0.5467994809150696,cdr1a
ASN,31,CA,ALA,156,CA,0.5334618091583252,cdr1a
ASN,31,CA,ALA,156,C,0.5215408205986023,cdr1a
ASN,31,CA,ALA,156,O,0.5420612096786499,cdr1a
ASN,31,CA,TYR,159,N,0.5365040302276611,cdr1a
ASN,31,CA,TYR,159,CA,0.5809957385063171,cdr1a
ASN,31,C,GLN,153,O,0.5866226553916931,cdr1a
ASN,31,C,ALA,156,CA,0.5487213730812073,cdr1a
ASN,31,C,ALA,156,C,0.5737335085868835,cdr1a
ASN,31,C,ALA,156,O,0.5963676571846008,cdr1a
ASN,31,O,GLU,152,O,0.5843700766563416,cdr1a
ASN,31,O,GLN,153,O,0.5640531182289124,cdr1a
ASN,31,O,ALA,156,N,0.577967643737793,cdr1a
ASN,31,O,ALA,156,CA,0.4736922085285187,cdr1a
ASN,31,O,ALA,156,C,0.5209200978279114,cdr1a
ASN,31,O,ALA,156,O,0.5432543158531189,cdr1a
ASN,31,O,TYR,159,N,0.5799325704574585,cdr1a
SER,51,N,ALA,156,CA,0.5487838387489319,cdr2a
SER,51,C,ALA,156,O,0.5977890491485596,cdr2a
ASN,52,N,ALA,156,CA,0.5407276153564453,cdr2a
ASN,52,N,ALA,156,O,0.5611993074417114,cdr2a
