tcrRes,tcrNum,tcrName,mhcRes,mhcNum,mhcName,distance,loop
SER,28,C,ALA,156,CA,0.5964174866676331,cdr1a
SER,28,C,ALA,156,C,0.5963900089263916,cdr1a
SER,28,C,ALA,156,O,0.5914466381072998,cdr1a
SER,28,O,GLN,153,O,0.5863087177276611,cdr1a
SER,28,O,ALA,156,CA,0.48423728346824646,cdr1a
SER,28,O,ALA,156,C,0.49891385436058044,cdr1a
SER,28,O,ALA,156,O,0.4988810122013092,cdr1a
SER,28,O,TYR,159,N,0.561978816986084,cdr1a
VAL,29,CA,GLN,153,CA,0.5953890681266785,cdr1a
VAL,29,CA,GLN,153,O,0.5289737582206726,cdr1a
VAL,29,C,GLN,153,CA,0.5394783616065979,cdr1a
VAL,29,C,GLN,153,C,0.5888493657112122,cdr1a
VAL,29,C,GLN,153,O,0.535580575466156,cdr1a
VAL,29,O,GLU,152,C,0.5930880308151245,cdr1a
VAL,29,O,GLU,152,O,0.5775630474090576,cdr1a
VAL,29,O,GLN,153,N,0.5327340960502625,cdr1a
VAL,29,O,GLN,153,CA,0.4215390384197235,cdr1a
VAL,29,O,GLN,153,C,0.48606106638908386,cdr1a
VAL,29,O,GLN,153,O,0.4497680366039276,cdr1a
VAL,29,O,ALA,156,CA,0.5901403427124023,cdr1a
PRO,50,CA,GLU,152,O,0.5720772743225098,cdr2a
PRO,50,C,GLU,152,O,0.5343478322029114,cdr2a
PRO,50,C,ALA,156,N,0.5969086289405823,cdr2a
PRO,50,C,ALA,156,CA,0.5482692122459412,cdr2a
PRO,50,O,ALA,156,CA,0.5395185947418213,cdr2a
SER,51,N,GLU,152,CA,0.5601240992546082,cdr2a
SER,51,N,GLU,152,C,0.5147793889045715,cdr2a
SER,51,N,GLU,152,O,0.44779035449028015,cdr2a
SER,51,N,GLN,153,N,0.5959212779998779,cdr2a
SER,51,N,ALA,156,N,0.5449541211128235,cdr2a
SER,51,N,ALA,156,CA,0.526944100856781,cdr2a
SER,51,CA,GLU,152,CA,0.5765252709388733,cdr2a
SER,51,CA,GLU,152,C,0.5381036400794983,cdr2a
SER,51,CA,GLU,152,O,0.4513508379459381,cdr2a
SER,51,CA,ARG,157,C,0.5706037878990173,cdr2a
SER,51,CA,ALA,156,N,0.492570698261261,cdr2a
SER,51,CA,ALA,156,CA,0.48430949449539185,cdr2a
SER,51,C,GLU,152,O,0.572255551815033,cdr2a
SER,51,O,GLU,152,O,0.5996696352958679,cdr2a
