tcrRes,tcrNum,tcrName,mhcRes,mhcNum,mhcName,distance,loop
SER,28,C,LEU,161,N,0.5880422592163086,cdr1a
SER,28,C,LEU,161,CA,0.5460876822471619,cdr1a
SER,28,O,LEU,161,N,0.5019649267196655,cdr1a
SER,28,O,LEU,161,CA,0.463431179523468,cdr1a
SER,28,O,LEU,161,C,0.5959469676017761,cdr1a
GLY,29,N,LEU,161,CA,0.5874189734458923,cdr1a
GLY,29,CA,LEU,161,N,0.5394967794418335,cdr1a
GLY,29,CA,LEU,161,CA,0.5501732230186462,cdr1a
LEU,30,N,ALA,156,O,0.595626175403595,cdr1a
LEU,30,O,GLN,153,O,0.597137451171875,cdr1a
LEU,30,O,ALA,156,CA,0.5116231441497803,cdr1a
LEU,30,O,ALA,156,C,0.5266914367675781,cdr1a
LEU,30,O,ALA,156,O,0.5372187495231628,cdr1a
LEU,30,O,TYR,159,N,0.5848740935325623,cdr1a
ARG,31,CA,GLN,153,CA,0.5676820278167725,cdr1a
