tcrRes,tcrNum,tcrName,mhcRes,mhcNum,mhcName,distance,loop
SER,28,C,LEU,161,CA,0.5666324496269226,cdr1a
SER,28,O,LEU,161,N,0.5442638993263245,cdr1a
SER,28,O,LEU,161,CA,0.49932748079299927,cdr1a
GLY,29,N,LEU,161,CA,0.5866959095001221,cdr1a
GLY,29,CA,LEU,161,N,0.5478600263595581,cdr1a
GLY,29,CA,LEU,161,CA,0.5396981239318848,cdr1a
LEU,30,O,ALA,156,CA,0.5268464088439941,cdr1a
LEU,30,O,ALA,156,C,0.5470189452171326,cdr1a
LEU,30,O,ALA,156,O,0.5680121183395386,cdr1a
LEU,30,O,TYR,159,N,0.5973868370056152,cdr1a
