tcrRes,tcrNum,tcrName,mhcRes,mhcNum,mhcName,distance,loop
SER,28,C,LEU,161,CA,0.5645142793655396,cdr1a
SER,28,O,LEU,161,N,0.5350121259689331,cdr1a
SER,28,O,LEU,161,CA,0.48640012741088867,cdr1a
GLY,29,N,LEU,161,CA,0.5972844362258911,cdr1a
GLY,29,CA,LEU,161,N,0.5500463843345642,cdr1a
GLY,29,CA,LEU,161,CA,0.554645299911499,cdr1a
LEU,30,O,ALA,156,CA,0.5504977107048035,cdr1a
LEU,30,O,ALA,156,C,0.562928318977356,cdr1a
LEU,30,O,ALA,156,O,0.5740765333175659,cdr1a
ARG,66,O,THR,67,CA,0.5736279487609863,cdr2b
