tcrRes,tcrNum,tcrName,mhcRes,mhcNum,mhcName,distance,loop
ARG,28,O,THR,161,CA,0.5833380222320557,cdr1a
TYR,51,C,ALA,156,CA,0.5733448266983032,cdr2a
TYR,51,O,ALA,156,N,0.5757296681404114,cdr2a
TYR,51,O,ALA,156,CA,0.4670570194721222,cdr2a
TYR,51,O,ALA,156,C,0.5398417115211487,cdr2a
TYR,51,O,ALA,156,O,0.5606892108917236,cdr2a
VAL,51,O,GLN,70,CA,0.594990611076355,cdr2b
