tcrRes,tcrNum,tcrName,mhcRes,mhcNum,mhcName,distance,loop
ALA,30,N,GLY,160,CA,0.5940538644790649,cdr1a
ALA,30,CA,VAL,156,O,0.5797601342201233,cdr1a
ALA,30,CA,GLY,160,CA,0.5061768889427185,cdr1a
ILE,31,C,VAL,156,CA,0.5937278270721436,cdr1a
ILE,31,O,VAL,156,CA,0.526275098323822,cdr1a
