tcrRes,tcrNum,tcrName,mhcRes,mhcNum,mhcName,distance,loop
GLN,50,O,VAL,74,CA,0.5345987677574158,cdr2b
GLN,50,O,VAL,74,O,0.5749586224555969,cdr2b
SER,53,CA,ARG,75,O,0.5947273969650269,cdr2b
SER,53,CA,VAL,74,CA,0.5639147758483887,cdr2b
PRO,55,CA,GLN,70,CA,0.5656812787055969,cdr2b
PRO,55,CA,GLN,70,C,0.5955431461334229,cdr2b
PRO,55,CA,GLN,70,O,0.5613815784454346,cdr2b
PRO,55,C,GLN,70,CA,0.5998764038085938,cdr2b
PRO,55,O,GLN,70,CA,0.5897067189216614,cdr2b
