tcrRes,tcrNum,tcrName,mhcRes,mhcNum,mhcName,distance,loop
GLY,29,CA,ALA,156,CA,0.5147356986999512,cdr1a
GLY,29,CA,ALA,156,C,0.5435276627540588,cdr1a
GLY,29,CA,ALA,156,O,0.5523418188095093,cdr1a
GLY,29,C,GLN,153,CA,0.586651086807251,cdr1a
GLY,29,C,GLN,153,O,0.5513335466384888,cdr1a
GLY,29,C,ALA,156,CA,0.5018283724784851,cdr1a
GLY,29,C,ALA,156,C,0.5310128927230835,cdr1a
GLY,29,C,ALA,156,O,0.5688789486885071,cdr1a
GLY,29,C,TYR,159,N,0.561648428440094,cdr1a
GLY,29,O,GLU,152,C,0.5808369517326355,cdr1a
GLY,29,O,GLU,152,O,0.5143849849700928,cdr1a
GLY,29,O,GLN,153,N,0.5802026391029358,cdr1a
GLY,29,O,GLN,153,CA,0.5019548535346985,cdr1a
GLY,29,O,GLN,153,C,0.5581845045089722,cdr1a
GLY,29,O,GLN,153,O,0.5092383623123169,cdr1a
GLY,29,O,ALA,156,N,0.5671295523643494,cdr1a
GLY,29,O,ALA,156,CA,0.487250417470932,cdr1a
GLY,29,O,ALA,156,C,0.5460679531097412,cdr1a
GLY,29,O,TYR,159,N,0.573542594909668,cdr1a
THR,30,N,GLN,153,O,0.5495724678039551,cdr1a
THR,30,N,ALA,156,CA,0.5559792518615723,cdr1a
THR,30,N,ALA,156,C,0.5521886348724365,cdr1a
THR,30,N,ALA,156,O,0.5875637531280518,cdr1a
THR,30,N,TYR,159,N,0.5574211478233337,cdr1a
THR,30,CA,GLN,153,CA,0.5315377712249756,cdr1a
THR,30,CA,GLN,153,C,0.5625542402267456,cdr1a
THR,30,CA,GLN,153,O,0.4976395070552826,cdr1a
THR,30,CA,ALA,156,C,0.5942482948303223,cdr1a
THR,30,CA,TYR,159,N,0.5681399703025818,cdr1a
