tcrRes,tcrNum,tcrName,mhcRes,mhcNum,mhcName,distance,loop
TYR,50,CA,ALA,156,CA,0.5726274251937866,cdr2a
TYR,50,C,ALA,156,CA,0.49662062525749207,cdr2a
TYR,50,C,ALA,156,C,0.5720933675765991,cdr2a
TYR,50,C,ALA,156,O,0.5809051394462585,cdr2a
TYR,50,O,ALA,156,CA,0.4891088604927063,cdr2a
TYR,50,O,ALA,156,C,0.5324389934539795,cdr2a
TYR,50,O,ALA,156,O,0.5221071839332581,cdr2a
SER,51,N,ALA,156,N,0.5822620987892151,cdr2a
SER,51,N,ALA,156,CA,0.48784178495407104,cdr2a
SER,51,N,ALA,156,C,0.5850284695625305,cdr2a
SER,51,N,ALA,156,O,0.5931228399276733,cdr2a
SER,51,CA,ALA,156,N,0.5756152868270874,cdr2a
SER,51,CA,ALA,156,CA,0.4692288935184479,cdr2a
SER,51,CA,ALA,156,C,0.5554152727127075,cdr2a
SER,51,CA,ALA,156,O,0.5404937863349915,cdr2a
