tcrRes,tcrNum,tcrName,mhcRes,mhcNum,mhcName,distance,loop
GLN,51,CA,GLN,70,C,0.5790541172027588,cdr2b
GLN,51,CA,GLN,70,O,0.5511653423309326,cdr2b
GLN,51,CA,THR,73,CA,0.5974982976913452,cdr2b
GLN,51,C,GLN,70,C,0.5736775398254395,cdr2b
GLN,51,C,GLN,70,O,0.5175061821937561,cdr2b
GLN,51,C,VAL,74,CA,0.598108172416687,cdr2b
GLN,51,O,GLN,70,CA,0.5549904704093933,cdr2b
GLN,51,O,GLN,70,C,0.5113511085510254,cdr2b
GLN,51,O,GLN,70,O,0.45253321528434753,cdr2b
GLN,51,O,THR,73,N,0.5877577662467957,cdr2b
GLN,51,O,VAL,74,N,0.5784829258918762,cdr2b
GLN,51,O,VAL,74,CA,0.5751926302909851,cdr2b
GLY,52,N,VAL,74,CA,0.5981419086456299,cdr2b
GLY,52,CA,VAL,74,CA,0.5794021487236023,cdr2b
ALA,55,O,LYS,66,C,0.5813047885894775,cdr2b
ALA,55,O,LYS,66,O,0.5229142308235168,cdr2b
ALA,55,O,GLN,70,N,0.5990096926689148,cdr2b
ALA,55,O,GLN,70,CA,0.5420056581497192,cdr2b
ALA,56,N,LYS,66,O,0.5989165902137756,cdr2b
ALA,56,N,ALA,67,CA,0.5808148384094238,cdr2b
ALA,56,CA,LYS,66,C,0.5217001438140869,cdr2b
ALA,56,CA,LYS,66,O,0.49064990878105164,cdr2b
ALA,56,CA,ALA,67,N,0.5015572309494019,cdr2b
ALA,56,CA,ALA,67,CA,0.4371810257434845,cdr2b
ALA,56,CA,ALA,67,C,0.5375537276268005,cdr2b
ALA,56,CA,ALA,67,O,0.519514799118042,cdr2b
ALA,56,CA,GLN,70,N,0.5926035046577454,cdr2b
ALA,56,CA,GLN,70,CA,0.5496272444725037,cdr2b
ALA,56,C,ARG,63,O,0.5405030846595764,cdr2b
ALA,56,C,LYS,66,C,0.5071759819984436,cdr2b
ALA,56,C,LYS,66,O,0.512068510055542,cdr2b
ALA,56,C,ALA,67,N,0.4699263572692871,cdr2b
ALA,56,C,ALA,67,CA,0.43195322155952454,cdr2b
ALA,56,C,ALA,67,C,0.5627571940422058,cdr2b
ALA,56,C,ALA,67,O,0.5763697028160095,cdr2b
ALA,56,O,ARG,63,CA,0.58384108543396,cdr2b
ALA,56,O,ARG,63,C,0.5308844447135925,cdr2b
ALA,56,O,ARG,63,O,0.419019877910614,cdr2b
ALA,56,O,LYS,66,N,0.5829590559005737,cdr2b
ALA,56,O,LYS,66,CA,0.5026604533195496,cdr2b
ALA,56,O,LYS,66,C,0.4081161320209503,cdr2b
ALA,56,O,LYS,66,O,0.43637141585350037,cdr2b
ALA,56,O,ALA,67,N,0.36376097798347473,cdr2b
ALA,56,O,ALA,67,CA,0.35119161009788513,cdr2b
ALA,56,O,ALA,67,C,0.49564945697784424,cdr2b
ALA,56,O,ALA,67,O,0.5339131355285645,cdr2b
ALA,56,O,HIS,70,N,0.5976388454437256,cdr2b
