tcrRes,tcrNum,tcrName,mhcRes,mhcNum,mhcName,distance,loop
SER,31,CA,GLU,152,CA,0.5976312160491943,cdr1a
SER,31,CA,GLU,152,C,0.5306376814842224,cdr1a
SER,31,CA,GLU,152,O,0.5226786136627197,cdr1a
SER,31,CA,GLN,153,N,0.5317644476890564,cdr1a
SER,31,CA,GLN,153,CA,0.5159617066383362,cdr1a
SER,31,C,GLU,152,C,0.5901812314987183,cdr1a
SER,31,C,GLN,153,N,0.5820660591125488,cdr1a
SER,31,C,GLN,153,CA,0.5898049473762512,cdr1a
SER,31,O,HIS,149,O,0.552580714225769,cdr1a
SER,31,O,GLU,152,CA,0.5625383257865906,cdr1a
SER,31,O,GLU,152,C,0.5513886213302612,cdr1a
SER,31,O,GLU,152,O,0.5883986353874207,cdr1a
SER,31,O,GLN,153,N,0.5509435534477234,cdr1a
SER,31,O,GLN,153,CA,0.5887337923049927,cdr1a
VAL,50,O,GLN,70,CA,0.5030981302261353,cdr2b
VAL,50,O,GLN,70,C,0.5276159048080444,cdr2b
VAL,50,O,GLN,70,O,0.5290324687957764,cdr2b
VAL,50,O,THR,73,N,0.5953036546707153,cdr2b
ASN,51,O,LYS,66,O,0.5963345766067505,cdr2b
