tcrRes,tcrNum,tcrName,mhcRes,mhcNum,mhcName,distance,loop
SER,31,CA,GLU,152,CA,0.5486207604408264,cdr1a
SER,31,CA,GLU,152,C,0.503574788570404,cdr1a
SER,31,CA,GLU,152,O,0.5138580799102783,cdr1a
SER,31,CA,GLN,153,N,0.5215702056884766,cdr1a
SER,31,CA,GLN,153,CA,0.5418415069580078,cdr1a
SER,31,C,GLU,152,CA,0.5971322059631348,cdr1a
SER,31,C,GLU,152,C,0.5811075568199158,cdr1a
SER,31,C,GLN,153,N,0.589271068572998,cdr1a
SER,31,O,GLU,152,CA,0.570447564125061,cdr1a
SER,31,O,GLU,152,C,0.5863465666770935,cdr1a
VAL,54,O,GLN,70,CA,0.4979976415634155,cdr2b
VAL,54,O,GLN,70,C,0.5093935132026672,cdr2b
VAL,54,O,GLN,70,O,0.4846746027469635,cdr2b
VAL,54,O,THR,73,N,0.596160888671875,cdr2b
ASN,55,O,LYS,66,O,0.5730450749397278,cdr2b
ASP,56,CA,LYS,66,O,0.5979971885681152,cdr2b
