tcrRes,tcrNum,tcrName,mhcRes,mhcNum,mhcName,distance,loop
SER,31,N,GLN,153,CA,0.5982301235198975,cdr1a
SER,31,CA,GLU,152,CA,0.5527567267417908,cdr1a
SER,31,CA,GLU,152,C,0.5170055031776428,cdr1a
SER,31,CA,GLU,152,O,0.5352863073348999,cdr1a
SER,31,CA,GLN,153,N,0.5179497003555298,cdr1a
SER,31,CA,GLN,153,CA,0.536142885684967,cdr1a
SER,31,C,GLN,153,N,0.5960046648979187,cdr1a
SER,31,O,GLU,152,CA,0.5981639623641968,cdr1a
VAL,54,O,GLN,70,CA,0.4958094358444214,cdr2b
VAL,54,O,GLN,70,C,0.5144394040107727,cdr2b
VAL,54,O,GLN,70,O,0.5153957009315491,cdr2b
VAL,54,O,THR,73,N,0.5779722332954407,cdr2b
