tcrRes,tcrNum,tcrName,mhcRes,mhcNum,mhcName,distance,loop
PHE,30,O,ALA,156,CA,0.5260202884674072,cdr1a
PHE,30,O,ALA,156,C,0.5795915722846985,cdr1a
PHE,30,O,ALA,156,O,0.570697546005249,cdr1a
TYR,31,CA,ALA,156,CA,0.5961438417434692,cdr1a
TYR,31,O,GLU,152,C,0.5870967507362366,cdr1a
TYR,31,O,GLU,152,O,0.5276283025741577,cdr1a
TYR,31,O,GLN,153,N,0.5976806282997131,cdr1a
TYR,31,O,GLN,153,CA,0.5448023080825806,cdr1a
VAL,54,O,GLN,70,CA,0.5003744959831238,cdr2b
VAL,54,O,GLN,70,C,0.5347535014152527,cdr2b
VAL,54,O,GLN,70,O,0.5397670269012451,cdr2b
