tcrRes,tcrNum,tcrName,mhcRes,mhcNum,mhcName,distance,loop
TYR,50,CA,GLN,70,C,0.5943343639373779,cdr2b
TYR,50,CA,GLN,70,O,0.552703857421875,cdr2b
TYR,50,C,GLN,70,O,0.5809417366981506,cdr2b
GLY,51,N,VAL,74,CA,0.5957850217819214,cdr2b
GLY,51,CA,VAL,74,CA,0.5732033252716064,cdr2b
GLY,51,C,VAL,74,CA,0.5691961050033569,cdr2b
VAL,52,N,VAL,74,CA,0.5569179058074951,cdr2b
VAL,52,C,VAL,74,N,0.5978761911392212,cdr2b
VAL,52,C,VAL,74,CA,0.5185314416885376,cdr2b
VAL,52,C,VAL,74,O,0.5992685556411743,cdr2b
VAL,52,O,ARG,75,C,0.5174452662467957,cdr2b
VAL,52,O,ARG,75,O,0.49761098623275757,cdr2b
VAL,52,O,VAL,74,N,0.47626951336860657,cdr2b
VAL,52,O,VAL,74,CA,0.3963119685649872,cdr2b
VAL,52,O,VAL,74,C,0.4994739592075348,cdr2b
VAL,52,O,VAL,74,O,0.4934092164039612,cdr2b
ASN,53,CA,ARG,75,O,0.5925902724266052,cdr2b
ASN,53,C,ARG,75,C,0.5831753611564636,cdr2b
ASN,53,C,ARG,75,O,0.5786253213882446,cdr2b
ASN,53,C,VAL,74,N,0.5823612809181213,cdr2b
ASN,53,C,VAL,74,CA,0.578332245349884,cdr2b
ASN,53,O,ARG,75,CA,0.5752737522125244,cdr2b
ASN,53,O,ARG,75,C,0.541304886341095,cdr2b
ASN,53,O,ARG,75,O,0.5428229570388794,cdr2b
ASN,53,O,VAL,74,N,0.5604303479194641,cdr2b
ASN,53,O,VAL,74,CA,0.5862278342247009,cdr2b
SER,54,N,VAL,74,CA,0.5927769541740417,cdr2b
SER,54,CA,GLN,70,O,0.5704554319381714,cdr2b
