tcrRes,tcrNum,tcrName,mhcRes,mhcNum,mhcName,distance,loop
VAL,29,C,ALA,156,CA,0.5948236584663391,cdr1a
VAL,29,C,ALA,156,C,0.5736572742462158,cdr1a
VAL,29,C,ALA,156,O,0.5592391490936279,cdr1a
VAL,29,O,GLN,153,O,0.5805041790008545,cdr1a
VAL,29,O,ALA,156,CA,0.48457807302474976,cdr1a
VAL,29,O,ALA,156,C,0.45225635170936584,cdr1a
VAL,29,O,ALA,156,O,0.4367448091506958,cdr1a
VAL,29,O,TYR,159,N,0.49795326590538025,cdr1a
VAL,29,O,TYR,159,CA,0.5430763959884644,cdr1a
VAL,29,O,THR,161,N,0.5881873369216919,cdr1a
ASN,30,CA,GLN,153,O,0.5667866468429565,cdr1a
ASN,30,C,GLN,153,CA,0.5502983331680298,cdr1a
ASN,30,C,GLN,153,O,0.5727738738059998,cdr1a
ASN,30,O,GLU,152,C,0.592704713344574,cdr1a
ASN,30,O,GLU,152,O,0.574184000492096,cdr1a
ASN,30,O,GLN,153,N,0.535556972026825,cdr1a
ASN,30,O,GLN,153,CA,0.4345329999923706,cdr1a
ASN,30,O,GLN,153,C,0.5150244832038879,cdr1a
ASN,30,O,GLN,153,O,0.4867720901966095,cdr1a
PRO,50,N,GLU,152,O,0.5908561944961548,cdr2a
PRO,50,CA,GLU,152,C,0.5912521481513977,cdr2a
PRO,50,CA,GLU,152,O,0.5464248061180115,cdr2a
PRO,50,CA,ALA,156,CA,0.5974543690681458,cdr2a
PRO,50,C,GLU,152,C,0.5953943729400635,cdr2a
PRO,50,C,GLU,152,O,0.5266613960266113,cdr2a
PRO,50,C,ALA,156,N,0.5776190757751465,cdr2a
PRO,50,C,ALA,156,CA,0.5237330794334412,cdr2a
PRO,50,O,GLU,152,O,0.5849024653434753,cdr2a
PRO,50,O,ALA,156,N,0.5731619000434875,cdr2a
PRO,50,O,ALA,156,CA,0.4932502508163452,cdr2a
SER,51,N,GLU,152,CA,0.5856457948684692,cdr2a
SER,51,N,GLU,152,C,0.5530907511711121,cdr2a
SER,51,N,GLU,152,O,0.48892897367477417,cdr2a
SER,51,N,ALA,156,N,0.5673617720603943,cdr2a
SER,51,N,ALA,156,CA,0.5419140458106995,cdr2a
SER,51,CA,GLU,152,C,0.5990206599235535,cdr2a
SER,51,CA,GLU,152,O,0.5206080079078674,cdr2a
SER,51,CA,ALA,156,N,0.5503524541854858,cdr2a
SER,51,CA,ALA,156,CA,0.5312941074371338,cdr2a
SER,51,C,GLU,152,O,0.571434736251831,cdr2a
SER,51,O,GLU,152,CA,0.5332631468772888,cdr2a
SER,51,O,GLU,152,C,0.5721195936203003,cdr2a
SER,51,O,GLU,152,O,0.53487628698349,cdr2a
