tcrRes,tcrNum,tcrName,mhcRes,mhcNum,mhcName,distance,loop
TYR,51,CA,ALA,156,CA,0.589223325252533,cdr2a
TYR,51,C,ALA,156,CA,0.5217554569244385,cdr2a
TYR,51,C,ALA,156,C,0.5488377213478088,cdr2a
TYR,51,C,ALA,156,O,0.532589316368103,cdr2a
TYR,51,O,ALA,156,CA,0.5063269138336182,cdr2a
TYR,51,O,ALA,156,C,0.49850618839263916,cdr2a
TYR,51,O,ALA,156,O,0.46589770913124084,cdr2a
TYR,51,O,TYR,159,N,0.5736340284347534,cdr2a
SER,52,N,ALA,156,CA,0.5284334421157837,cdr2a
SER,52,N,ALA,156,C,0.5780248641967773,cdr2a
SER,52,N,ALA,156,O,0.5561280250549316,cdr2a
SER,52,CA,ALA,156,CA,0.53377366065979,cdr2a
SER,52,CA,ALA,156,C,0.5715265870094299,cdr2a
SER,52,CA,ALA,156,O,0.5238300561904907,cdr2a
ILE,51,CA,GLN,70,O,0.5810776948928833,cdr2b
