tcrRes,tcrNum,tcrName,mhcRes,mhcNum,mhcName,distance,loop
GLY,29,CA,THR,161,CA,0.5800852179527283,cdr1a
GLN,31,O,ALA,156,CA,0.5726267695426941,cdr1a
TYR,51,CA,GLU,152,C,0.5910096168518066,cdr2a
TYR,51,CA,GLU,152,O,0.5573570728302002,cdr2a
TYR,51,CA,GLN,153,CA,0.5963624119758606,cdr2a
TYR,51,C,GLU,152,C,0.5763528943061829,cdr2a
TYR,51,C,GLU,152,O,0.5141313076019287,cdr2a
TYR,51,C,ALA,156,CA,0.576528012752533,cdr2a
TYR,51,O,GLU,152,C,0.5712664127349854,cdr2a
TYR,51,O,GLU,152,O,0.4906124472618103,cdr2a
TYR,51,O,GLN,153,CA,0.5891004204750061,cdr2a
TYR,51,O,ALA,156,N,0.5356016755104065,cdr2a
TYR,51,O,ALA,156,CA,0.47326499223709106,cdr2a
TYR,51,O,ALA,156,C,0.5921024680137634,cdr2a
SER,52,N,GLU,152,O,0.5560553669929504,cdr2a
SER,52,CA,GLU,152,O,0.5916270613670349,cdr2a
ARG,55,O,ARG,63,CA,0.5372425317764282,cdr2b
