tcrRes,tcrNum,tcrName,mhcRes,mhcNum,mhcName,distance,loop
GLN,31,O,ALA,156,CA,0.589129626750946,cdr1a
TYR,51,CA,GLU,152,O,0.5756695866584778,cdr2a
TYR,51,C,GLU,152,O,0.5514988899230957,cdr2a
TYR,51,C,ALA,156,CA,0.5682522654533386,cdr2a
TYR,51,O,GLU,152,O,0.5306950807571411,cdr2a
TYR,51,O,ALA,156,N,0.5470516681671143,cdr2a
TYR,51,O,ALA,156,CA,0.4693234860897064,cdr2a
TYR,51,O,ALA,156,C,0.5759607553482056,cdr2a
ARG,55,O,ARG,63,CA,0.5342610478401184,cdr2b
ARG,55,O,ARG,63,O,0.597200334072113,cdr2b
