tcrRes,tcrNum,tcrName,mhcRes,mhcNum,mhcName,distance,loop
ARG,28,O,THR,161,N,0.5979248881340027,cdr1a
ARG,28,O,THR,161,CA,0.5880670547485352,cdr1a
GLY,29,CA,THR,161,CA,0.5972501039505005,cdr1a
GLN,31,O,GLN,153,O,0.5926735997200012,cdr1a
GLN,31,O,ALA,156,CA,0.5717575550079346,cdr1a
TYR,51,CA,GLU,152,C,0.5685173869132996,cdr2a
TYR,51,CA,GLU,152,O,0.5436997413635254,cdr2a
TYR,51,CA,GLN,153,N,0.5980271100997925,cdr2a
TYR,51,C,GLU,152,C,0.5566718578338623,cdr2a
TYR,51,C,GLU,152,O,0.5057624578475952,cdr2a
TYR,51,O,GLU,152,CA,0.5859298706054688,cdr2a
TYR,51,O,GLU,152,C,0.5171695947647095,cdr2a
TYR,51,O,GLU,152,O,0.4436785578727722,cdr2a
TYR,51,O,GLN,153,N,0.5818963050842285,cdr2a
TYR,51,O,GLN,153,CA,0.5818897485733032,cdr2a
TYR,51,O,ALA,156,N,0.5528426766395569,cdr2a
TYR,51,O,ALA,156,CA,0.5095511078834534,cdr2a
SER,52,N,GLU,152,O,0.5902803540229797,cdr2a
