tcrRes,tcrNum,tcrName,mhcRes,mhcNum,mhcName,distance,loop
TYR,51,C,ALA,156,CA,0.5544618368148804,cdr2a
TYR,51,C,ALA,156,C,0.5986632108688354,cdr2a
TYR,51,O,ALA,156,CA,0.559149444103241,cdr2a
TYR,51,O,ALA,156,C,0.5714494585990906,cdr2a
TYR,51,O,ALA,156,O,0.5569233298301697,cdr2a
SER,52,N,ALA,156,CA,0.5370606780052185,cdr2a
SER,52,CA,ALA,156,CA,0.5289485454559326,cdr2a
SER,52,CA,ALA,156,C,0.5903569459915161,cdr2a
SER,52,CA,ALA,156,O,0.5669042468070984,cdr2a
ILE,51,CA,GLN,70,O,0.5703713893890381,cdr2b
