tcrRes,tcrNum,tcrName,mhcRes,mhcNum,mhcName,distance,loop
ASN,37,O,ALA,148,O,0.5525979995727539,cdr1a
ASN,37,O,SER,149,O,0.5695158839225769,cdr1a
TYR,57,CA,ASP,147,O,0.5257184505462646,cdr2a
TYR,57,CA,ALA,148,CA,0.5867530107498169,cdr2a
TYR,57,CA,ALA,148,C,0.5679285526275635,cdr2a
TYR,57,CA,ALA,148,O,0.5502891540527344,cdr2a
TYR,57,C,ASP,147,O,0.5529688000679016,cdr2a
TYR,57,C,ALA,148,C,0.5904637575149536,cdr2a
TYR,57,C,ALA,148,O,0.5790424942970276,cdr2a
TYR,57,O,ASP,147,O,0.5448473691940308,cdr2a
TYR,57,O,ALA,148,CA,0.5990660190582275,cdr2a
TYR,57,O,ALA,148,C,0.5254245400428772,cdr2a
TYR,57,O,ALA,148,O,0.5083461403846741,cdr2a
TYR,57,O,SER,149,N,0.5261281132698059,cdr2a
TYR,57,O,SER,149,CA,0.5136722922325134,cdr2a
TYR,57,O,SER,149,O,0.5738604068756104,cdr2a
