tcrRes,tcrNum,tcrName,mhcRes,mhcNum,mhcName,distance,loop
ASN,37,O,ALA,148,O,0.562924325466156,cdr1a
ASN,37,O,SER,149,O,0.5790321826934814,cdr1a
TYR,57,CA,ASP,147,O,0.5093876719474792,cdr2a
TYR,57,CA,ALA,148,CA,0.5882031321525574,cdr2a
TYR,57,CA,ALA,148,C,0.5650941133499146,cdr2a
TYR,57,CA,ALA,148,O,0.5595642328262329,cdr2a
TYR,57,CA,SER,149,N,0.5972676277160645,cdr2a
TYR,57,C,ASP,147,O,0.5249376893043518,cdr2a
TYR,57,C,ALA,148,C,0.5719466805458069,cdr2a
TYR,57,C,ALA,148,O,0.5743261575698853,cdr2a
TYR,57,C,SER,149,N,0.5702171921730042,cdr2a
TYR,57,C,SER,149,CA,0.5780045390129089,cdr2a
TYR,57,O,ASP,147,O,0.5098172426223755,cdr2a
TYR,57,O,ALA,148,CA,0.5736923217773438,cdr2a
TYR,57,O,ALA,148,C,0.49638044834136963,cdr2a
TYR,57,O,ALA,148,O,0.4941045939922333,cdr2a
TYR,57,O,SER,149,N,0.48215463757514954,cdr2a
TYR,57,O,SER,149,CA,0.46987810730934143,cdr2a
TYR,57,O,SER,149,C,0.5801986455917358,cdr2a
TYR,57,O,SER,149,O,0.5808569192886353,cdr2a
LYS,58,N,ASP,147,O,0.5999159216880798,cdr2a
