tcrRes,tcrNum,tcrName,mhcRes,mhcNum,mhcName,distance,loop
GLN,57,CA,ALA,67,CA,0.5718846321105957,cdr2b
GLN,57,CA,ALA,67,O,0.547700047492981,cdr2b
GLN,57,CA,GLN,70,CA,0.5987725853919983,cdr2b
GLN,57,CA,GLN,70,C,0.5951843857765198,cdr2b
GLN,57,C,ALA,67,O,0.586510419845581,cdr2b
GLN,57,C,GLN,70,CA,0.5398183465003967,cdr2b
GLN,57,C,GLN,70,C,0.5251080989837646,cdr2b
GLN,57,C,GLN,70,O,0.5192710757255554,cdr2b
GLN,57,C,THR,73,N,0.5698771476745605,cdr2b
GLN,57,O,ALA,67,O,0.5744674801826477,cdr2b
GLN,57,O,GLN,70,N,0.5688576698303223,cdr2b
GLN,57,O,GLN,70,CA,0.4530943036079407,cdr2b
GLN,57,O,GLN,70,C,0.46100088953971863,cdr2b
GLN,57,O,GLN,70,O,0.4548974335193634,cdr2b
GLN,57,O,THR,73,N,0.5292764902114868,cdr2b
ASN,58,N,GLN,70,C,0.5884647369384766,cdr2b
ASN,58,N,GLN,70,O,0.5592290163040161,cdr2b
ASN,58,CA,GLN,70,C,0.5947423577308655,cdr2b
ASN,58,CA,GLN,70,O,0.5366170406341553,cdr2b
ASN,58,C,GLN,70,O,0.5883369445800781,cdr2b
ASN,59,N,GLN,70,O,0.5423393845558167,cdr2b
GLY,60,N,GLN,70,CA,0.5847883224487305,cdr2b
VAL,61,C,LYS,66,O,0.5880014300346375,cdr2b
VAL,61,O,LYS,66,CA,0.5424165725708008,cdr2b
VAL,61,O,LYS,66,C,0.5280555486679077,cdr2b
VAL,61,O,LYS,66,O,0.5074757933616638,cdr2b
VAL,61,O,ALA,67,N,0.5884450674057007,cdr2b
VAL,66,CA,ARG,63,CA,0.5374638438224792,cdr2b
VAL,66,CA,ARG,63,C,0.5682557225227356,cdr2b
VAL,66,CA,ARG,63,O,0.49929293990135193,cdr2b
VAL,66,CA,LYS,66,CA,0.555294930934906,cdr2b
VAL,66,CA,LYS,66,C,0.5328751802444458,cdr2b
VAL,66,CA,LYS,66,O,0.5655927062034607,cdr2b
VAL,66,CA,ALA,67,N,0.5277379155158997,cdr2b
VAL,66,CA,ALA,67,CA,0.5668115615844727,cdr2b
VAL,66,C,ARG,63,CA,0.5076001286506653,cdr2b
VAL,66,C,ARG,63,C,0.57813960313797,cdr2b
VAL,66,C,ARG,63,O,0.5394784212112427,cdr2b
VAL,66,O,THR,64,C,0.5573304295539856,cdr2b
VAL,66,O,THR,64,O,0.5502044558525085,cdr2b
VAL,66,O,ARG,63,N,0.5111900568008423,cdr2b
VAL,66,O,ARG,63,CA,0.43920469284057617,cdr2b
VAL,66,O,ARG,63,C,0.5295978784561157,cdr2b
VAL,66,O,ARG,63,O,0.5072055459022522,cdr2b
VAL,66,O,LYS,66,CA,0.5877083539962769,cdr2b
