tcrRes,tcrNum,tcrName,mhcRes,mhcNum,mhcName,distance,loop
SER,29,N,GLU,56,O,0.5811490416526794,cdr1a
SER,29,CA,GLU,56,CA,0.5911217331886292,cdr1a
SER,29,CA,GLU,56,C,0.5450206398963928,cdr1a
SER,29,CA,GLU,56,O,0.5130768418312073,cdr1a
SER,29,CA,TYR,60,N,0.5887409448623657,cdr1a
TYR,51,CA,GLN,70,O,0.5652210712432861,cdr2b
TYR,51,CA,THR,74,CA,0.5942972302436829,cdr2b
TYR,51,O,THR,74,CA,0.5994289517402649,cdr2b
GLY,52,CA,VAL,74,CA,0.5758988261222839,cdr2b
GLY,52,C,VAL,74,CA,0.563144326210022,cdr2b
GLY,52,O,VAL,74,CA,0.596642017364502,cdr2b
VAL,53,N,VAL,74,CA,0.5608084201812744,cdr2b
VAL,53,C,VAL,74,CA,0.5317296981811523,cdr2b
VAL,53,C,VAL,74,O,0.5954444408416748,cdr2b
VAL,53,O,ARG,76,C,0.5650010704994202,cdr2b
VAL,53,O,ARG,76,O,0.5444439649581909,cdr2b
VAL,53,O,VAL,74,N,0.5066041946411133,cdr2b
VAL,53,O,VAL,74,CA,0.4079129993915558,cdr2b
VAL,53,O,VAL,74,C,0.49774396419525146,cdr2b
VAL,53,O,VAL,74,O,0.4835749566555023,cdr2b
SER,55,N,VAL,74,CA,0.5931828618049622,cdr2b
SER,55,CA,GLN,70,O,0.5864657163619995,cdr2b
