tcrRes,tcrNum,tcrName,mhcRes,mhcNum,mhcName,distance,loop
SER,29,CA,GLU,56,O,0.5762723684310913,cdr1a
TYR,51,CA,GLN,70,O,0.562379777431488,cdr2b
TYR,51,C,GLN,70,O,0.5949673652648926,cdr2b
GLY,52,N,VAL,74,CA,0.5979094505310059,cdr2b
GLY,52,CA,VAL,74,CA,0.5620536208152771,cdr2b
GLY,52,C,VAL,74,CA,0.5667579770088196,cdr2b
VAL,53,N,VAL,74,CA,0.5764897465705872,cdr2b
VAL,53,C,VAL,74,CA,0.5868659019470215,cdr2b
VAL,53,O,ARG,76,C,0.5937210917472839,cdr2b
VAL,53,O,ARG,76,O,0.5692936182022095,cdr2b
VAL,53,O,VAL,74,N,0.5501487255096436,cdr2b
VAL,53,O,VAL,74,CA,0.46797600388526917,cdr2b
VAL,53,O,VAL,74,C,0.5643960237503052,cdr2b
VAL,53,O,VAL,74,O,0.5483173131942749,cdr2b
