tcrRes,tcrNum,tcrName,mhcRes,mhcNum,mhcName,distance,loop
ASP,26,CA,GLU,56,CA,0.5952329039573669,cdr1a
TYR,50,C,ALA,156,CA,0.5793099999427795,cdr2a
TYR,50,C,ALA,156,O,0.5832976698875427,cdr2a
TYR,50,O,ALA,156,CA,0.5635947585105896,cdr2a
TYR,50,O,ALA,156,C,0.5553571581840515,cdr2a
TYR,50,O,ALA,156,O,0.522942841053009,cdr2a
SER,51,N,ALA,156,CA,0.5973931550979614,cdr2a
SER,51,CA,ALA,156,CA,0.5874300003051758,cdr2a
SER,51,CA,ALA,156,O,0.562002420425415,cdr2a
THR,51,CA,GLN,70,O,0.5885500311851501,cdr2b
