tcrRes,tcrNum,tcrName,mhcRes,mhcNum,mhcName,distance,loop
THR,32,C,GLU,161,CA,0.5365861654281616,cdr1a
THR,32,O,GLY,160,C,0.58592689037323,cdr1a
THR,32,O,GLU,161,N,0.5059950351715088,cdr1a
THR,32,O,GLU,161,CA,0.4561159908771515,cdr1a
THR,32,O,GLU,161,C,0.5863083600997925,cdr1a
ASN,33,CA,GLU,161,CA,0.595198392868042,cdr1a
