tcrRes,tcrNum,tcrName,mhcRes,mhcNum,mhcName,distance,loop
THR,29,N,LEU,161,N,0.5968488454818726,cdr1a
THR,29,N,LEU,161,CA,0.5906700491905212,cdr1a
THR,29,CA,GLY,160,CA,0.5846552848815918,cdr1a
THR,29,CA,GLY,160,C,0.5636755228042603,cdr1a
THR,29,CA,GLY,160,O,0.5795884132385254,cdr1a
THR,29,CA,LEU,161,N,0.5751044154167175,cdr1a
THR,29,C,GLY,160,CA,0.5424305200576782,cdr1a
THR,29,C,GLY,160,C,0.5502884387969971,cdr1a
THR,29,C,GLY,160,O,0.5966704487800598,cdr1a
THR,29,C,LEU,161,N,0.5519871115684509,cdr1a
THR,29,O,GLY,160,CA,0.5741229057312012,cdr1a
THR,30,N,ALA,156,O,0.5555023550987244,cdr1a
THR,30,N,GLY,160,CA,0.5193532109260559,cdr1a
THR,30,N,GLY,160,C,0.5169268846511841,cdr1a
THR,30,N,GLY,160,O,0.5821195244789124,cdr1a
THR,30,N,LEU,161,N,0.4887431561946869,cdr1a
THR,30,N,LEU,161,CA,0.5371896028518677,cdr1a
THR,30,CA,ALA,156,C,0.5593653321266174,cdr1a
THR,30,CA,ALA,156,O,0.4646013081073761,cdr1a
THR,30,CA,GLY,160,CA,0.5217357277870178,cdr1a
THR,30,CA,GLY,160,C,0.5469720959663391,cdr1a
THR,30,CA,LEU,161,N,0.5094479918479919,cdr1a
THR,30,CA,LEU,161,CA,0.5799535512924194,cdr1a
THR,30,C,ALA,156,O,0.570783257484436,cdr1a
TYR,31,N,ALA,156,O,0.5948821306228638,cdr1a
PHE,53,N,ALA,156,CA,0.5954205989837646,cdr2a
