tcrRes,tcrNum,tcrName,mhcRes,mhcNum,mhcName,distance,loop
TYR,50,C,ALA,156,CA,0.586546778678894,cdr2a
TYR,50,C,ALA,156,O,0.5941808819770813,cdr2a
TYR,50,O,ALA,156,O,0.5673825144767761,cdr2a
SER,51,N,ALA,156,CA,0.5838981866836548,cdr2a
SER,51,CA,ALA,156,CA,0.5902299880981445,cdr2a
SER,51,CA,ALA,156,O,0.5703055262565613,cdr2a
THR,54,CA,GLN,70,O,0.575230062007904,cdr2b
ALA,55,O,GLN,70,O,0.5952861905097961,cdr2b
