tcrRes,tcrNum,tcrName,mhcRes,mhcNum,mhcName,distance,loop
TYR,51,C,ALA,156,CA,0.5985186100006104,cdr2a
TYR,51,O,ALA,156,N,0.5917127132415771,cdr2a
TYR,51,O,ALA,156,CA,0.48572415113449097,cdr2a
TYR,51,O,ALA,156,C,0.5720787048339844,cdr2a
VAL,51,O,GLN,70,CA,0.5720855593681335,cdr2b
