tcrRes,tcrNum,tcrName,mhcRes,mhcNum,mhcName,distance,loop
VAL,52,N,GLN,70,C,0.586474597454071,cdr2b
VAL,52,N,GLN,70,O,0.5434929132461548,cdr2b
VAL,52,CA,GLN,70,O,0.5868023633956909,cdr2b
VAL,52,C,GLN,70,CA,0.5760055780410767,cdr2b
VAL,52,C,GLN,70,C,0.5971785187721252,cdr2b
VAL,52,C,GLN,70,O,0.56609708070755,cdr2b
VAL,52,O,GLN,70,N,0.5813693404197693,cdr2b
VAL,52,O,GLN,70,CA,0.4591529667377472,cdr2b
VAL,52,O,GLN,70,C,0.4895775318145752,cdr2b
VAL,52,O,GLN,70,O,0.4747515916824341,cdr2b
VAL,52,O,THR,73,N,0.5781457424163818,cdr2b
