tcrRes,tcrNum,tcrName,mhcRes,mhcNum,mhcName,distance,loop
SER,53,CA,GLU,152,C,0.5755648612976074,cdr2a
SER,53,CA,GLU,152,O,0.5460020899772644,cdr2a
VAL,49,CA,ARG,63,O,0.5841591358184814,cdr2b
VAL,49,CA,LYS,66,O,0.5879184603691101,cdr2b
VAL,49,CA,ALA,67,N,0.5788154006004333,cdr2b
VAL,49,CA,ALA,67,CA,0.5519490838050842,cdr2b
VAL,49,C,LYS,66,C,0.5299972891807556,cdr2b
VAL,49,C,LYS,66,O,0.4873637557029724,cdr2b
VAL,49,C,ALA,67,N,0.527664303779602,cdr2b
VAL,49,C,ALA,67,CA,0.49461862444877625,cdr2b
VAL,49,O,LYS,66,C,0.4920978546142578,cdr2b
VAL,49,O,LYS,66,O,0.44152647256851196,cdr2b
VAL,49,O,ALA,67,N,0.47861620783805847,cdr2b
VAL,49,O,ALA,67,CA,0.4168916642665863,cdr2b
VAL,49,O,ALA,67,C,0.5113105773925781,cdr2b
VAL,49,O,ALA,67,O,0.4967796206474304,cdr2b
VAL,49,O,GLN,70,CA,0.5924517512321472,cdr2b
GLY,50,N,LYS,66,C,0.5544332265853882,cdr2b
GLY,50,N,LYS,66,O,0.49680477380752563,cdr2b
GLY,50,N,ALA,67,N,0.5824032425880432,cdr2b
GLY,50,N,ALA,67,CA,0.5706597566604614,cdr2b
GLY,50,CA,LYS,66,C,0.5436170101165771,cdr2b
GLY,50,CA,LYS,66,O,0.4586707651615143,cdr2b
GLY,50,CA,ALA,67,N,0.5952120423316956,cdr2b
GLY,50,CA,ALA,67,CA,0.5817890763282776,cdr2b
GLY,50,CA,GLN,70,N,0.5978899598121643,cdr2b
GLY,50,CA,GLN,70,CA,0.5709779858589172,cdr2b
GLY,50,C,LYS,66,O,0.5556850433349609,cdr2b
ALA,51,N,LYS,66,O,0.5853686928749084,cdr2b
