tcrRes,tcrNum,tcrName,mhcRes,mhcNum,mhcName,distance,loop
GLN,28,C,VAL,74,CA,0.54166179895401,cdr1b
GLN,28,O,VAL,74,N,0.5957583785057068,cdr1b
GLN,28,O,VAL,74,CA,0.49168625473976135,cdr1b
GLN,28,O,VAL,74,C,0.5819845199584961,cdr1b
GLN,28,O,VAL,74,O,0.5741226673126221,cdr1b
VAL,29,N,VAL,74,CA,0.5854640007019043,cdr1b
VAL,29,C,GLN,70,O,0.5624054670333862,cdr1b
VAL,29,O,GLN,70,O,0.5634946823120117,cdr1b
THR,37,N,GLN,70,C,0.5664553642272949,cdr1b
THR,37,N,GLN,70,O,0.530612587928772,cdr1b
THR,37,CA,GLN,70,CA,0.5131585597991943,cdr1b
THR,37,CA,GLN,70,C,0.4704326391220093,cdr1b
THR,37,CA,GLN,70,O,0.4629743695259094,cdr1b
THR,37,CA,THR,73,N,0.5013856291770935,cdr1b
THR,37,CA,THR,73,CA,0.5337943434715271,cdr1b
THR,37,C,GLN,70,CA,0.552677571773529,cdr1b
THR,37,C,GLN,70,C,0.549586832523346,cdr1b
THR,37,C,GLN,70,O,0.5621590614318848,cdr1b
THR,37,C,THR,73,N,0.5849635004997253,cdr1b
THR,37,O,GLN,70,CA,0.5066898465156555,cdr1b
THR,37,O,GLN,70,C,0.5359265208244324,cdr1b
THR,37,O,GLN,70,O,0.5543249249458313,cdr1b
THR,37,O,THR,73,N,0.5905907154083252,cdr1b
