tcrRes,tcrNum,tcrName,mhcRes,mhcNum,mhcName,distance,loop
GLU,37,CA,GLN,70,C,0.5963576436042786,cdr1b
VAL,57,CA,ARG,63,O,0.5830274224281311,cdr2b
VAL,57,CA,ALA,67,N,0.5793399810791016,cdr2b
VAL,57,CA,ALA,67,CA,0.5454342365264893,cdr2b
VAL,57,C,LYS,66,C,0.5454128384590149,cdr2b
VAL,57,C,LYS,66,O,0.5270820260047913,cdr2b
VAL,57,C,ALA,67,N,0.5216819643974304,cdr2b
VAL,57,C,ALA,67,CA,0.4827149510383606,cdr2b
VAL,57,O,ARG,63,O,0.5976214408874512,cdr2b
VAL,57,O,LYS,66,C,0.502851128578186,cdr2b
VAL,57,O,LYS,66,O,0.47536519169807434,cdr2b
VAL,57,O,ALA,67,N,0.4699302315711975,cdr2b
VAL,57,O,ALA,67,CA,0.4028148949146271,cdr2b
VAL,57,O,ALA,67,C,0.505585789680481,cdr2b
VAL,57,O,ALA,67,O,0.4975678324699402,cdr2b
VAL,57,O,GLN,70,N,0.5926291346549988,cdr2b
VAL,57,O,GLN,70,CA,0.5554805994033813,cdr2b
GLY,58,N,LYS,66,C,0.5658304691314697,cdr2b
GLY,58,N,LYS,66,O,0.5331541895866394,cdr2b
GLY,58,N,ALA,67,N,0.5723810791969299,cdr2b
GLY,58,N,ALA,67,CA,0.556319534778595,cdr2b
GLY,58,CA,LYS,66,C,0.5508970618247986,cdr2b
GLY,58,CA,LYS,66,O,0.48853641748428345,cdr2b
GLY,58,CA,ALA,67,N,0.5841242074966431,cdr2b
GLY,58,CA,ALA,67,CA,0.5682478547096252,cdr2b
GLY,58,CA,GLN,70,N,0.5874524712562561,cdr2b
GLY,58,CA,GLN,70,CA,0.5356559157371521,cdr2b
GLY,58,C,LYS,66,O,0.5433323979377747,cdr2b
ALA,63,N,LYS,66,O,0.5667113661766052,cdr2b
ALA,63,N,GLN,70,CA,0.562117874622345,cdr2b
ALA,63,O,LYS,66,CA,0.5852264761924744,cdr2b
ALA,63,O,LYS,66,C,0.589506208896637,cdr2b
ALA,63,O,LYS,66,O,0.5263797640800476,cdr2b
GLY,64,O,GLN,43,O,0.5983725190162659,cdr2b
