tcrRes,tcrNum,tcrName,mhcRes,mhcNum,mhcName,distance,loop
ASN,32,CA,ALA,156,CA,0.5627946853637695,cdr1a
ASN,32,CA,ALA,156,C,0.5617046356201172,cdr1a
ASN,32,CA,ALA,156,O,0.5557500720024109,cdr1a
ASN,32,O,GLN,153,CA,0.5298812985420227,cdr1a
ASN,32,O,GLN,153,C,0.5749424695968628,cdr1a
ASN,32,O,GLN,153,O,0.5215096473693848,cdr1a
ASN,32,O,ALA,156,CA,0.5851390957832336,cdr1a
ASN,32,O,ALA,156,C,0.5753697156906128,cdr1a
ASN,32,O,TYR,160,N,0.5767978429794312,cdr1a
GLN,51,O,GLN,70,CA,0.5442841649055481,cdr2b
LEU,56,O,ARG,63,CA,0.5388139486312866,cdr2b
