tcrRes,tcrNum,tcrName,mhcRes,mhcNum,mhcName,distance,loop
PRO,29,CA,THR,161,O,0.5981416702270508,cdr1a
PRO,29,CA,GLU,164,CA,0.5821933746337891,cdr1a
PRO,29,CA,GLU,164,C,0.5637721419334412,cdr1a
PRO,29,CA,GLU,164,O,0.5794257521629333,cdr1a
PRO,29,CA,TRP,165,N,0.5794716477394104,cdr1a
PHE,36,N,THR,161,CA,0.545005202293396,cdr1a
PHE,36,N,THR,161,O,0.5990698337554932,cdr1a
PHE,36,CA,THR,161,CA,0.5917419791221619,cdr1a
PHE,36,C,THR,161,N,0.5540728569030762,cdr1a
PHE,36,C,THR,161,CA,0.5042434930801392,cdr1a
PHE,36,O,GLY,160,CA,0.5799108743667603,cdr1a
PHE,36,O,GLY,160,C,0.51078861951828,cdr1a
PHE,36,O,GLY,160,O,0.5672996640205383,cdr1a
PHE,36,O,THR,161,N,0.4297753870487213,cdr1a
PHE,36,O,THR,161,CA,0.38479653000831604,cdr1a
PHE,36,O,THR,161,C,0.5202353596687317,cdr1a
PHE,36,O,THR,161,O,0.5442153811454773,cdr1a
SER,37,N,THR,161,CA,0.588376522064209,cdr1a
SER,37,CA,THR,161,CA,0.5805288553237915,cdr1a
SER,37,O,ALA,156,C,0.5955336689949036,cdr1a
SER,37,O,ALA,156,O,0.5677057504653931,cdr1a
THR,57,CA,ALA,156,CA,0.5970665216445923,cdr2a
PHE,58,N,ALA,156,CA,0.5810920000076294,cdr2a
PHE,58,N,ALA,156,C,0.5946933031082153,cdr2a
PHE,58,N,ALA,156,O,0.5229259729385376,cdr2a
PHE,58,N,GLY,160,CA,0.5518035292625427,cdr2a
PHE,58,CA,ALA,156,O,0.5546326041221619,cdr2a
PHE,58,CA,GLY,160,N,0.574333131313324,cdr2a
PHE,58,CA,GLY,160,CA,0.5005151033401489,cdr2a
PHE,58,C,ALA,156,O,0.5914561748504639,cdr2a
PHE,58,C,GLY,160,N,0.5965238213539124,cdr2a
PHE,58,C,GLY,160,CA,0.5558294653892517,cdr2a
SER,59,N,ALA,156,CA,0.5412683486938477,cdr2a
SER,59,N,ALA,156,C,0.5884499549865723,cdr2a
SER,59,N,ALA,156,O,0.5243756175041199,cdr2a
SER,59,N,GLU,161,C,0.588124692440033,cdr2a
SER,59,N,GLY,160,N,0.5641164183616638,cdr2a
SER,59,N,GLY,160,CA,0.553235650062561,cdr2a
SER,59,CA,ALA,156,CA,0.5739718079566956,cdr2a
SER,59,CA,ALA,156,O,0.59527587890625,cdr2a
