tcrRes,tcrNum,tcrName,mhcRes,mhcNum,mhcName,distance,loop
TYR,55,CA,ALA,156,CA,0.5800565481185913,cdr2a
TYR,55,CA,ALA,156,C,0.5466731786727905,cdr2a
TYR,55,CA,ALA,156,O,0.5016279816627502,cdr2a
TYR,55,C,ALA,156,CA,0.5935589075088501,cdr2a
TYR,55,C,ALA,156,C,0.5916681885719299,cdr2a
TYR,55,C,ALA,156,O,0.5444899201393127,cdr2a
TYR,55,O,ALA,156,CA,0.5768620371818542,cdr2a
TYR,55,O,ALA,156,C,0.5753963589668274,cdr2a
TYR,55,O,ALA,156,O,0.5116258263587952,cdr2a
