tcrRes,tcrNum,tcrName,mhcRes,mhcNum,mhcName,distance,loop
TYR,55,CA,ALA,156,CA,0.5634110569953918,cdr2a
TYR,55,CA,ALA,156,C,0.530194103717804,cdr2a
TYR,55,CA,ALA,156,O,0.5168644785881042,cdr2a
TYR,55,CA,TYR,159,N,0.5664942264556885,cdr2a
TYR,55,CA,TYR,159,CA,0.5980738997459412,cdr2a
TYR,55,C,ALA,156,CA,0.5566208362579346,cdr2a
TYR,55,C,ALA,156,C,0.5551065802574158,cdr2a
TYR,55,C,ALA,156,O,0.5360977053642273,cdr2a
TYR,55,O,ALA,156,CA,0.5815902352333069,cdr2a
TYR,55,O,ALA,156,C,0.5748049020767212,cdr2a
TYR,55,O,ALA,156,O,0.5321931838989258,cdr2a
LYS,56,N,ALA,156,CA,0.5818529725074768,cdr2a
