tcrRes,tcrNum,tcrName,mhcRes,mhcNum,mhcName,distance,loop
TYR,51,CA,GLU,152,O,0.5713063478469849,cdr2a
TYR,51,CA,ALA,156,CA,0.5652231574058533,cdr2a
TYR,51,C,GLU,152,O,0.5507011413574219,cdr2a
TYR,51,C,ALA,156,N,0.5735338926315308,cdr2a
TYR,51,C,ALA,156,CA,0.49054718017578125,cdr2a
TYR,51,C,ALA,156,C,0.5982832312583923,cdr2a
TYR,51,O,GLU,152,O,0.5851121544837952,cdr2a
TYR,51,O,ALA,156,N,0.5470361709594727,cdr2a
TYR,51,O,ALA,156,CA,0.440003365278244,cdr2a
TYR,51,O,ALA,156,C,0.5271488428115845,cdr2a
TYR,51,O,ALA,156,O,0.5261111259460449,cdr2a
SER,52,N,GLU,152,O,0.5433548092842102,cdr2a
SER,52,N,ALA,156,N,0.5864225029945374,cdr2a
SER,52,N,ALA,156,CA,0.527983546257019,cdr2a
SER,52,CA,GLU,152,O,0.5693898797035217,cdr2a
SER,52,CA,ALA,156,N,0.5671214461326599,cdr2a
SER,52,CA,ALA,156,CA,0.5161957144737244,cdr2a
