tcrRes,tcrNum,tcrName,mhcRes,mhcNum,mhcName,distance,loop
THR,57,CA,GLU,152,C,0.571144700050354,cdr2a
THR,57,CA,GLU,152,O,0.5489762425422668,cdr2a
THR,57,CA,GLN,153,N,0.5683033466339111,cdr2a
THR,57,CA,GLN,153,CA,0.5387512445449829,cdr2a
THR,57,CA,ALA,156,CA,0.5918285250663757,cdr2a
THR,57,C,GLU,152,C,0.5714205503463745,cdr2a
THR,57,C,GLU,152,O,0.5188000798225403,cdr2a
THR,57,C,GLN,153,N,0.5985931754112244,cdr2a
THR,57,C,GLN,153,CA,0.5720618367195129,cdr2a
THR,57,C,ALA,156,N,0.5840787887573242,cdr2a
THR,57,C,ALA,156,CA,0.5016230940818787,cdr2a
THR,57,O,GLU,152,O,0.5538083910942078,cdr2a
THR,57,O,GLN,153,CA,0.5975887775421143,cdr2a
THR,57,O,ALA,156,N,0.5559099912643433,cdr2a
THR,57,O,ALA,156,CA,0.4485267102718353,cdr2a
THR,57,O,ALA,156,C,0.5257378816604614,cdr2a
THR,57,O,ALA,156,O,0.5370123386383057,cdr2a
LEU,58,N,GLU,152,C,0.559553861618042,cdr2a
LEU,58,N,GLU,152,O,0.5050471425056458,cdr2a
LEU,58,N,ALA,156,N,0.5928277969360352,cdr2a
LEU,58,N,ALA,156,CA,0.5289368033409119,cdr2a
LEU,58,CA,GLU,152,O,0.532728374004364,cdr2a
LEU,58,CA,ALA,156,N,0.5715397596359253,cdr2a
LEU,58,CA,ALA,156,CA,0.5052134394645691,cdr2a
