tcrRes,tcrNum,tcrName,mhcRes,mhcNum,mhcName,distance,loop
GLN,31,CA,GLN,153,CA,0.5708670616149902,cdr1a
GLN,31,CA,GLN,153,O,0.5550940632820129,cdr1a
GLN,31,C,GLN,153,CA,0.5483187437057495,cdr1a
GLN,31,C,GLN,153,O,0.5937067866325378,cdr1a
GLN,31,O,GLU,152,O,0.599052369594574,cdr1a
GLN,31,O,GLN,153,N,0.5658547282218933,cdr1a
GLN,31,O,GLN,153,CA,0.4708261489868164,cdr1a
GLN,31,O,GLN,153,C,0.5640358328819275,cdr1a
GLN,31,O,GLN,153,O,0.544686496257782,cdr1a
TYR,51,CA,GLU,152,C,0.566254734992981,cdr2a
TYR,51,CA,GLU,152,O,0.5473675727844238,cdr2a
TYR,51,CA,GLN,153,N,0.5824315547943115,cdr2a
TYR,51,CA,GLN,153,CA,0.5889776349067688,cdr2a
TYR,51,C,GLU,152,C,0.5470178127288818,cdr2a
TYR,51,C,GLU,152,O,0.4992251992225647,cdr2a
TYR,51,C,GLN,153,N,0.5913352966308594,cdr2a
TYR,51,C,GLN,153,CA,0.598320722579956,cdr2a
TYR,51,O,GLU,152,CA,0.5949681997299194,cdr2a
TYR,51,O,GLU,152,C,0.5124849677085876,cdr2a
TYR,51,O,GLU,152,O,0.4463285803794861,cdr2a
TYR,51,O,GLN,153,N,0.5549637675285339,cdr2a
TYR,51,O,GLN,153,CA,0.5397299528121948,cdr2a
TYR,51,O,ALA,156,N,0.5611848831176758,cdr2a
TYR,51,O,ALA,156,CA,0.5229556560516357,cdr2a
SER,52,N,GLU,152,O,0.5584611296653748,cdr2a
SER,52,CA,GLU,152,O,0.5798802971839905,cdr2a
