tcrRes,tcrNum,tcrName,mhcRes,mhcNum,mhcName,distance,loop
SER,28,O,ALA,156,O,0.5627741813659668,cdr1a
SER,28,O,THR,161,N,0.5665863752365112,cdr1a
SER,28,O,THR,161,CA,0.5783396363258362,cdr1a
ALA,29,CA,THR,161,N,0.5803747773170471,cdr1a
ALA,29,CA,THR,161,CA,0.547170877456665,cdr1a
ALA,29,C,ALA,156,O,0.5982227325439453,cdr1a
ALA,29,O,ALA,156,O,0.5608162879943848,cdr1a
SER,36,O,ALA,156,CA,0.5786853432655334,cdr1a
SER,36,O,ALA,156,C,0.5796181559562683,cdr1a
SER,36,O,ALA,156,O,0.5454036593437195,cdr1a
GLN,37,N,GLN,153,O,0.5734971761703491,cdr1a
GLN,37,CA,GLN,153,CA,0.5196911096572876,cdr1a
GLN,37,CA,GLN,153,C,0.5389999151229858,cdr1a
GLN,37,CA,GLN,153,O,0.46127787232398987,cdr1a
GLN,37,CA,ALA,156,CA,0.5604159235954285,cdr1a
GLN,37,CA,ALA,156,C,0.590797483921051,cdr1a
GLN,37,C,GLN,153,CA,0.4880950450897217,cdr1a
GLN,37,C,GLN,153,C,0.5470312237739563,cdr1a
GLN,37,C,GLN,153,O,0.49927306175231934,cdr1a
GLN,37,O,GLU,152,C,0.5549303293228149,cdr1a
GLN,37,O,GLU,152,O,0.5183730125427246,cdr1a
GLN,37,O,GLN,153,N,0.5113789439201355,cdr1a
GLN,37,O,GLN,153,CA,0.4122855067253113,cdr1a
GLN,37,O,GLN,153,C,0.4971414804458618,cdr1a
GLN,37,O,GLN,153,O,0.4733371436595917,cdr1a
SER,38,N,GLN,153,CA,0.5820766687393188,cdr1a
GLN,57,O,GLN,70,O,0.5826851725578308,cdr2b
ILE,58,CA,GLN,70,O,0.5810781717300415,cdr2b
