tcrRes,tcrNum,tcrName,mhcRes,mhcNum,mhcName,distance,loop
GLN,37,CA,GLN,153,CA,0.5469371676445007,cdr1a
GLN,37,CA,GLN,153,C,0.5836949348449707,cdr1a
GLN,37,CA,GLN,153,O,0.5234985947608948,cdr1a
GLN,37,C,GLN,153,CA,0.5295735597610474,cdr1a
GLN,37,C,GLN,153,O,0.5718735456466675,cdr1a
GLN,37,O,GLU,152,O,0.5950121283531189,cdr1a
GLN,37,O,GLN,153,N,0.5492486953735352,cdr1a
GLN,37,O,GLN,153,CA,0.45366784930229187,cdr1a
GLN,37,O,GLN,153,C,0.5479304790496826,cdr1a
GLN,37,O,GLN,153,O,0.5300579071044922,cdr1a
TYR,57,CA,GLU,152,C,0.5614318251609802,cdr2a
TYR,57,CA,GLU,152,O,0.5491886138916016,cdr2a
TYR,57,CA,GLN,153,N,0.5716232657432556,cdr2a
TYR,57,CA,GLN,153,CA,0.5766706466674805,cdr2a
TYR,57,C,GLU,152,CA,0.5988802909851074,cdr2a
TYR,57,C,GLU,152,C,0.5337687134742737,cdr2a
TYR,57,C,GLU,152,O,0.4904463589191437,cdr2a
TYR,57,C,GLN,153,N,0.5738312602043152,cdr2a
TYR,57,C,GLN,153,CA,0.5798233151435852,cdr2a
TYR,57,O,GLU,152,CA,0.5613086819648743,cdr2a
TYR,57,O,GLU,152,C,0.47278016805648804,cdr2a
TYR,57,O,GLU,152,O,0.4109691381454468,cdr2a
TYR,57,O,GLN,153,N,0.513262152671814,cdr2a
TYR,57,O,GLN,153,CA,0.5016329884529114,cdr2a
TYR,57,O,GLN,153,C,0.5877227187156677,cdr2a
TYR,57,O,GLN,153,O,0.5807527303695679,cdr2a
TYR,57,O,ALA,156,N,0.5562728643417358,cdr2a
TYR,57,O,ALA,156,CA,0.5161970853805542,cdr2a
SER,58,N,GLU,152,O,0.5680577754974365,cdr2a
SER,58,CA,GLU,152,O,0.5842154026031494,cdr2a
