tcrRes,tcrNum,tcrName,mhcRes,mhcNum,mhcName,distance,loop,mhc_chain
GLY,28,C,THR,84,O,0.5574576258659363,cdr1a,mhc_beta
GLY,28,O,THR,84,O,0.5887331962585449,cdr1a,mhc_beta
THR,29,N,THR,84,CA,0.5898740887641907,cdr1a,mhc_beta
THR,29,N,THR,84,C,0.5777651071548462,cdr1a,mhc_beta
THR,29,N,THR,84,O,0.4816860556602478,cdr1a,mhc_beta
THR,29,CA,THR,84,CA,0.5203384757041931,cdr1a,mhc_beta
THR,29,CA,THR,84,C,0.5182445645332336,cdr1a,mhc_beta
THR,29,CA,THR,84,O,0.4370425045490265,cdr1a,mhc_beta
THR,29,C,THR,84,O,0.5584253668785095,cdr1a,mhc_beta
THR,29,O,THR,84,O,0.5853380560874939,cdr1a,mhc_beta
THR,29,CA,ALA,62,C,0.5632031559944153,cdr1b,mhc_alpha
THR,29,CA,ALA,62,O,0.5604205131530762,cdr1b,mhc_alpha
THR,29,CA,VAL,63,N,0.550870418548584,cdr1b,mhc_alpha
THR,29,CA,VAL,63,CA,0.5539292097091675,cdr1b,mhc_alpha
THR,29,C,ALA,59,O,0.5906254053115845,cdr1b,mhc_alpha
THR,29,C,ALA,62,C,0.593582034111023,cdr1b,mhc_alpha
THR,29,C,VAL,63,N,0.5863813161849976,cdr1b,mhc_alpha
THR,29,O,ALA,59,O,0.551358163356781,cdr1b,mhc_alpha
THR,29,O,ALA,62,CA,0.5460754632949829,cdr1b,mhc_alpha
THR,29,O,ALA,62,C,0.5359113812446594,cdr1b,mhc_alpha
THR,29,O,ALA,62,O,0.5628232359886169,cdr1b,mhc_alpha
THR,29,O,VAL,63,N,0.5467196702957153,cdr1b,mhc_alpha
ASN,49,CA,LEU,58,O,0.5658235549926758,cdr2b,mhc_alpha
ASN,49,CA,ALA,59,CA,0.5923547148704529,cdr2b,mhc_alpha
ASN,49,CA,ALA,62,CA,0.5826358199119568,cdr2b,mhc_alpha
ASN,49,C,ALA,62,CA,0.5575718879699707,cdr2b,mhc_alpha
GLU,50,N,ALA,62,CA,0.5080236792564392,cdr2b,mhc_alpha
GLU,50,N,ALA,62,C,0.5616293549537659,cdr2b,mhc_alpha
GLU,50,N,ALA,62,O,0.576714038848877,cdr2b,mhc_alpha
GLU,50,CA,ALA,62,CA,0.558599054813385,cdr2b,mhc_alpha
GLU,50,CA,ALA,62,C,0.5994985699653625,cdr2b,mhc_alpha
GLU,50,CA,ALA,62,O,0.585135817527771,cdr2b,mhc_alpha
GLU,50,C,ALA,62,CA,0.5551990270614624,cdr2b,mhc_alpha
GLU,50,O,ALA,62,N,0.5762084126472473,cdr2b,mhc_alpha
GLU,50,O,ALA,62,CA,0.4653879702091217,cdr2b,mhc_alpha
GLU,50,O,ALA,62,C,0.5481201410293579,cdr2b,mhc_alpha
GLU,50,O,ALA,62,O,0.5393511056900024,cdr2b,mhc_alpha
