tcrRes,tcrNum,tcrName,mhcRes,mhcNum,mhcName,distance,loop,mhc_chain
SER,27,CA,THR,84,CA,0.5431331396102905,cdr1a,mhc_beta
SER,27,CA,THR,84,C,0.5568810701370239,cdr1a,mhc_beta
SER,27,CA,THR,84,O,0.4792744219303131,cdr1a,mhc_beta
SER,27,C,THR,84,CA,0.5544674396514893,cdr1a,mhc_beta
SER,27,C,THR,84,C,0.5649535655975342,cdr1a,mhc_beta
SER,27,C,THR,84,O,0.48256397247314453,cdr1a,mhc_beta
SER,27,O,THR,84,O,0.5199122428894043,cdr1a,mhc_beta
VAL,28,N,THR,84,CA,0.5128340125083923,cdr1a,mhc_beta
VAL,28,N,THR,84,C,0.5518292188644409,cdr1a,mhc_beta
VAL,28,N,THR,84,O,0.49211010336875916,cdr1a,mhc_beta
VAL,28,CA,THR,84,CA,0.5890957117080688,cdr1a,mhc_beta
VAL,28,CA,THR,84,O,0.5713387131690979,cdr1a,mhc_beta
VAL,28,C,THR,84,CA,0.5278387665748596,cdr1a,mhc_beta
VAL,28,C,THR,84,C,0.5731985569000244,cdr1a,mhc_beta
VAL,28,C,THR,84,O,0.5384151339530945,cdr1a,mhc_beta
VAL,28,O,THR,84,N,0.5800464749336243,cdr1a,mhc_beta
VAL,28,O,THR,84,CA,0.47411593794822693,cdr1a,mhc_beta
VAL,28,O,THR,84,C,0.5489904880523682,cdr1a,mhc_beta
VAL,28,O,THR,84,O,0.5399686694145203,cdr1a,mhc_beta
ASN,29,N,THR,84,CA,0.575780987739563,cdr1a,mhc_beta
ASN,29,N,THR,84,C,0.594881534576416,cdr1a,mhc_beta
ASN,29,N,THR,84,O,0.5541284680366516,cdr1a,mhc_beta
ASN,29,CA,THR,84,CA,0.5764727592468262,cdr1a,mhc_beta
ASN,29,CA,THR,84,C,0.5962241291999817,cdr1a,mhc_beta
ASN,29,CA,THR,84,O,0.5780767798423767,cdr1a,mhc_beta
ASN,29,C,GLN,77,CA,0.5513057708740234,cdr1a,mhc_beta
ASN,29,C,GLN,77,O,0.5642824769020081,cdr1a,mhc_beta
ASN,29,O,GLN,77,N,0.5507918000221252,cdr1a,mhc_beta
ASN,29,O,GLN,77,CA,0.44127583503723145,cdr1a,mhc_beta
ASN,29,O,GLN,77,C,0.5001727342605591,cdr1a,mhc_beta
ASN,29,O,GLN,77,O,0.4583374559879303,cdr1a,mhc_beta
PRO,49,N,GLU,76,C,0.5924615263938904,cdr2a,mhc_beta
PRO,49,N,GLU,76,O,0.5748243927955627,cdr2a,mhc_beta
PRO,49,CA,GLU,76,C,0.5930483341217041,cdr2a,mhc_beta
PRO,49,CA,GLU,76,O,0.5535098314285278,cdr2a,mhc_beta
PRO,49,CA,GLN,77,CA,0.5960168242454529,cdr2a,mhc_beta
PRO,49,C,GLU,76,O,0.5871329307556152,cdr2a,mhc_beta
PRO,49,C,ALA,80,CA,0.5860618352890015,cdr2a,mhc_beta
PRO,49,O,ALA,80,CA,0.5730130672454834,cdr2a,mhc_beta
SER,50,N,GLU,76,O,0.5816740989685059,cdr2a,mhc_beta
ARG,53,C,GLN,55,O,0.5741465091705322,cdr2b,mhc_alpha
ARG,53,O,GLN,55,CA,0.4913301467895508,cdr2b,mhc_alpha
ARG,53,O,GLN,55,C,0.5074214339256287,cdr2b,mhc_alpha
ARG,53,O,GLN,55,O,0.46996617317199707,cdr2b,mhc_alpha
