tcrRes,tcrNum,tcrName,mhcRes,mhcNum,mhcName,distance,loop,mhc_chain
GLY,30,C,ARG,84,CA,0.5776495933532715,cdr1a,mhc_beta
GLY,30,O,ASP,83,O,0.5947911739349365,cdr1a,mhc_beta
GLY,30,O,ARG,84,CA,0.5637407302856445,cdr1a,mhc_beta
ASN,36,N,ASP,83,O,0.5920180082321167,cdr1a,mhc_beta
ASN,36,N,ARG,84,CA,0.5271846055984497,cdr1a,mhc_beta
ASN,36,N,ARG,84,C,0.5877206921577454,cdr1a,mhc_beta
ASN,36,N,ARG,84,O,0.537891685962677,cdr1a,mhc_beta
ASN,36,CA,ASP,83,C,0.5973955988883972,cdr1a,mhc_beta
ASN,36,CA,ASP,83,O,0.5748811364173889,cdr1a,mhc_beta
ASN,36,CA,ARG,84,N,0.544253945350647,cdr1a,mhc_beta
ASN,36,CA,ARG,84,CA,0.4404369592666626,cdr1a,mhc_beta
ASN,36,CA,ARG,84,C,0.5067511796951294,cdr1a,mhc_beta
ASN,36,CA,ARG,84,O,0.46252158284187317,cdr1a,mhc_beta
ASN,36,C,ARG,84,CA,0.5401607155799866,cdr1a,mhc_beta
ASN,36,C,ARG,84,O,0.5778716802597046,cdr1a,mhc_beta
ASN,36,O,ARG,84,CA,0.5260170698165894,cdr1a,mhc_beta
ASN,36,O,ARG,84,O,0.58235102891922,cdr1a,mhc_beta
GLN,57,CA,THR,59,CA,0.5978650450706482,cdr2b,mhc_alpha
GLN,57,CA,THR,59,O,0.5953432321548462,cdr2b,mhc_alpha
GLN,57,C,ALA,62,CA,0.577431857585907,cdr2b,mhc_alpha
GLN,57,C,ALA,62,C,0.5809332728385925,cdr2b,mhc_alpha
GLN,57,C,ALA,62,O,0.5726664066314697,cdr2b,mhc_alpha
GLN,57,O,THR,59,CA,0.5998736619949341,cdr2b,mhc_alpha
GLN,57,O,THR,59,O,0.5776140093803406,cdr2b,mhc_alpha
GLN,57,O,ALA,62,CA,0.4953477382659912,cdr2b,mhc_alpha
GLN,57,O,ALA,62,C,0.5232537984848022,cdr2b,mhc_alpha
GLN,57,O,ALA,62,O,0.5186080932617188,cdr2b,mhc_alpha
GLY,58,N,ALA,62,O,0.5998027920722961,cdr2b,mhc_alpha
GLY,58,CA,ALA,62,O,0.5697320103645325,cdr2b,mhc_alpha
