tcrRes,tcrNum,tcrName,mhcRes,mhcNum,mhcName,distance,loop,mhc_chain
GLY,30,CA,ASP,83,O,0.5578986406326294,cdr1a,mhc_beta
GLY,30,C,ASP,83,C,0.5576459169387817,cdr1a,mhc_beta
GLY,30,C,ASP,83,O,0.48490309715270996,cdr1a,mhc_beta
GLY,30,C,ARG,84,N,0.5812405943870544,cdr1a,mhc_beta
GLY,30,C,ARG,84,CA,0.5346837639808655,cdr1a,mhc_beta
GLY,30,C,ARG,84,O,0.5777489542961121,cdr1a,mhc_beta
GLY,30,C,HIS,88,CA,0.594210684299469,cdr1a,mhc_beta
GLY,30,O,ASP,83,CA,0.5884872674942017,cdr1a,mhc_beta
GLY,30,O,ASP,83,C,0.4937075674533844,cdr1a,mhc_beta
GLY,30,O,ASP,83,O,0.44189468026161194,cdr1a,mhc_beta
GLY,30,O,ARG,84,N,0.5146452188491821,cdr1a,mhc_beta
GLY,30,O,ARG,84,CA,0.48751652240753174,cdr1a,mhc_beta
GLY,30,O,ARG,84,C,0.589112401008606,cdr1a,mhc_beta
GLY,30,O,ARG,84,O,0.5814598798751831,cdr1a,mhc_beta
ASN,36,N,ASP,83,C,0.5899292826652527,cdr1a,mhc_beta
ASN,36,N,ASP,83,O,0.5177820324897766,cdr1a,mhc_beta
ASN,36,N,ARG,84,N,0.5917966961860657,cdr1a,mhc_beta
ASN,36,N,ARG,84,CA,0.5136947631835938,cdr1a,mhc_beta
ASN,36,N,ARG,84,C,0.5670599341392517,cdr1a,mhc_beta
ASN,36,N,ARG,84,O,0.5131604075431824,cdr1a,mhc_beta
ASN,36,N,HIS,88,CA,0.5814923644065857,cdr1a,mhc_beta
ASN,36,CA,ASP,83,C,0.5627543330192566,cdr1a,mhc_beta
ASN,36,CA,ASP,83,O,0.5136235356330872,cdr1a,mhc_beta
ASN,36,CA,ARG,84,N,0.531791627407074,cdr1a,mhc_beta
ASN,36,CA,ARG,84,CA,0.42938485741615295,cdr1a,mhc_beta
ASN,36,CA,ARG,84,C,0.4837985336780548,cdr1a,mhc_beta
ASN,36,CA,ARG,84,O,0.43208637833595276,cdr1a,mhc_beta
ASN,36,C,ARG,84,CA,0.5260193347930908,cdr1a,mhc_beta
ASN,36,C,ARG,84,C,0.5919512510299683,cdr1a,mhc_beta
ASN,36,C,ARG,84,O,0.5462639927864075,cdr1a,mhc_beta
ASN,36,O,ARG,84,CA,0.5234512090682983,cdr1a,mhc_beta
ASN,36,O,ARG,84,C,0.5845951437950134,cdr1a,mhc_beta
ASN,36,O,ARG,84,O,0.5441852807998657,cdr1a,mhc_beta
GLN,57,C,ALA,62,CA,0.5801860094070435,cdr2b,mhc_alpha
GLN,57,C,ALA,62,C,0.5888002514839172,cdr2b,mhc_alpha
GLN,57,C,ALA,62,O,0.5925878882408142,cdr2b,mhc_alpha
GLN,57,O,THR,59,O,0.5933651328086853,cdr2b,mhc_alpha
GLN,57,O,ALA,62,CA,0.49101755023002625,cdr2b,mhc_alpha
GLN,57,O,ALA,62,C,0.5205658078193665,cdr2b,mhc_alpha
GLN,57,O,ALA,62,O,0.5252848863601685,cdr2b,mhc_alpha
GLN,57,O,VAL,63,N,0.5898988246917725,cdr2b,mhc_alpha
GLY,58,CA,ALA,62,O,0.5877034068107605,cdr2b,mhc_alpha
