tcrRes,tcrNum,tcrName,mhcRes,mhcNum,mhcName,distance,loop,mhc_chain
VAL,57,O,GLN,55,C,0.583899736404419,cdr2b,mhc_alpha
VAL,57,O,GLN,55,O,0.5625858902931213,cdr2b,mhc_alpha
VAL,57,O,GLY,56,N,0.5569724440574646,cdr2b,mhc_alpha
VAL,57,O,GLY,56,CA,0.49909359216690063,cdr2b,mhc_alpha
VAL,57,O,GLY,56,C,0.5966364145278931,cdr2b,mhc_alpha
VAL,57,O,GLY,56,O,0.5831290483474731,cdr2b,mhc_alpha
VAL,57,O,ALA,59,CA,0.5646811723709106,cdr2b,mhc_alpha
GLY,58,CA,GLY,56,CA,0.5699605345726013,cdr2b,mhc_alpha
GLY,58,C,GLN,55,C,0.5448703169822693,cdr2b,mhc_alpha
GLY,58,C,GLN,55,O,0.5912994146347046,cdr2b,mhc_alpha
GLY,58,C,GLY,56,N,0.4800594747066498,cdr2b,mhc_alpha
GLY,58,C,GLY,56,CA,0.46855080127716064,cdr2b,mhc_alpha
GLY,58,O,GLN,55,CA,0.5360289812088013,cdr2b,mhc_alpha
GLY,58,O,GLN,55,C,0.49170562624931335,cdr2b,mhc_alpha
GLY,58,O,GLN,55,O,0.5361660122871399,cdr2b,mhc_alpha
GLY,58,O,GLY,56,N,0.45407599210739136,cdr2b,mhc_alpha
GLY,58,O,GLY,56,CA,0.4722192883491516,cdr2b,mhc_alpha
GLU,59,N,GLN,55,CA,0.5982248783111572,cdr2b,mhc_alpha
GLU,59,N,GLN,55,C,0.5326582789421082,cdr2b,mhc_alpha
GLU,59,N,GLN,55,O,0.5965151190757751,cdr2b,mhc_alpha
GLU,59,N,GLY,56,N,0.4409923851490021,cdr2b,mhc_alpha
GLU,59,N,GLY,56,CA,0.42376452684402466,cdr2b,mhc_alpha
GLU,59,N,GLY,56,C,0.5689693093299866,cdr2b,mhc_alpha
GLU,59,CA,GLY,56,N,0.532542884349823,cdr2b,mhc_alpha
GLU,59,CA,GLY,56,CA,0.48477840423583984,cdr2b,mhc_alpha
GLU,59,C,GLY,56,N,0.49113184213638306,cdr2b,mhc_alpha
GLU,59,C,GLY,56,CA,0.4105689823627472,cdr2b,mhc_alpha
GLU,59,C,GLY,56,C,0.5163589119911194,cdr2b,mhc_alpha
GLU,59,C,GLY,56,O,0.5529754161834717,cdr2b,mhc_alpha
GLU,59,O,GLU,53,O,0.5687094330787659,cdr2b,mhc_alpha
GLU,59,O,GLN,55,C,0.5244981050491333,cdr2b,mhc_alpha
GLU,59,O,GLN,55,O,0.5829436779022217,cdr2b,mhc_alpha
GLU,59,O,GLY,56,N,0.39811402559280396,cdr2b,mhc_alpha
GLU,59,O,GLY,56,CA,0.3192116618156433,cdr2b,mhc_alpha
GLU,59,O,GLY,56,C,0.41977760195732117,cdr2b,mhc_alpha
GLU,59,O,GLY,56,O,0.47345903515815735,cdr2b,mhc_alpha
GLY,60,N,GLY,56,N,0.5925552845001221,cdr2b,mhc_alpha
GLY,60,N,GLY,56,CA,0.4899483025074005,cdr2b,mhc_alpha
GLY,60,N,GLY,56,C,0.571881890296936,cdr2b,mhc_alpha
GLY,60,N,GLY,56,O,0.5828044414520264,cdr2b,mhc_alpha
