tcrRes,tcrNum,tcrName,mhcRes,mhcNum,mhcName,distance,loop,mhc_chain
GLY,30,CA,ASP,83,O,0.5892708897590637,cdr1a,mhc_beta
GLY,30,CA,THR,84,CA,0.5799326300621033,cdr1a,mhc_beta
GLY,30,C,ASP,83,C,0.5835428237915039,cdr1a,mhc_beta
GLY,30,C,ASP,83,O,0.5443199872970581,cdr1a,mhc_beta
GLY,30,C,THR,84,N,0.5564581155776978,cdr1a,mhc_beta
GLY,30,C,THR,84,CA,0.4683263599872589,cdr1a,mhc_beta
GLY,30,C,THR,84,C,0.5407214760780334,cdr1a,mhc_beta
GLY,30,C,THR,84,O,0.5105624198913574,cdr1a,mhc_beta
GLY,30,O,ASP,83,CA,0.5996423959732056,cdr1a,mhc_beta
GLY,30,O,ASP,83,C,0.47951021790504456,cdr1a,mhc_beta
GLY,30,O,ASP,83,O,0.45772725343704224,cdr1a,mhc_beta
GLY,30,O,THR,84,N,0.44668832421302795,cdr1a,mhc_beta
GLY,30,O,THR,84,CA,0.3720206916332245,cdr1a,mhc_beta
GLY,30,O,THR,84,C,0.4688052833080292,cdr1a,mhc_beta
GLY,30,O,THR,84,O,0.46454983949661255,cdr1a,mhc_beta
THR,36,N,THR,84,CA,0.5146722793579102,cdr1a,mhc_beta
THR,36,N,THR,84,C,0.5663237571716309,cdr1a,mhc_beta
THR,36,N,THR,84,O,0.5113422870635986,cdr1a,mhc_beta
THR,36,CA,THR,84,CA,0.47944939136505127,cdr1a,mhc_beta
THR,36,CA,THR,84,C,0.5236333608627319,cdr1a,mhc_beta
THR,36,CA,THR,84,O,0.46249035000801086,cdr1a,mhc_beta
THR,36,C,THR,84,CA,0.5845944881439209,cdr1a,mhc_beta
THR,36,C,THR,84,O,0.59295254945755,cdr1a,mhc_beta
ARG,66,O,GLN,55,O,0.5955198407173157,cdr2b,mhc_alpha
