tcrRes,tcrNum,tcrName,mhcRes,mhcNum,mhcName,distance,loop,mhc_chain
SER,52,CA,ARG,84,CA,0.5885530114173889,cdr2a,mhc_beta
SER,52,C,ARG,84,CA,0.5968430638313293,cdr2a,mhc_beta
SER,53,N,ALA,80,O,0.554503858089447,cdr2a,mhc_beta
SER,53,N,ARG,84,N,0.5596199631690979,cdr2a,mhc_beta
SER,53,N,ARG,84,CA,0.5608663558959961,cdr2a,mhc_beta
SER,53,CA,ALA,80,O,0.5740150213241577,cdr2a,mhc_beta
SER,53,CA,ASP,83,C,0.5886462926864624,cdr2a,mhc_beta
SER,53,CA,ARG,84,N,0.5723170638084412,cdr2a,mhc_beta
GLN,50,CA,ALA,62,O,0.5697498917579651,cdr2b,mhc_alpha
GLN,50,C,ALA,62,O,0.5720468759536743,cdr2b,mhc_alpha
GLN,50,O,ALA,62,C,0.5838181376457214,cdr2b,mhc_alpha
GLN,50,O,ALA,62,O,0.4916684627532959,cdr2b,mhc_alpha
GLN,50,O,HIS,66,N,0.5640724301338196,cdr2b,mhc_alpha
GLN,50,O,HIS,66,CA,0.5164597630500793,cdr2b,mhc_alpha
ALA,55,CA,LEU,58,C,0.5635976791381836,cdr2b,mhc_alpha
ALA,55,CA,LEU,58,O,0.5102091431617737,cdr2b,mhc_alpha
ALA,55,CA,THR,59,N,0.5664681196212769,cdr2b,mhc_alpha
ALA,55,CA,THR,59,CA,0.5102972984313965,cdr2b,mhc_alpha
ALA,55,CA,THR,59,C,0.5995287895202637,cdr2b,mhc_alpha
ALA,55,CA,THR,59,O,0.5758690237998962,cdr2b,mhc_alpha
ALA,55,CA,ALA,62,CA,0.5626305341720581,cdr2b,mhc_alpha
ALA,55,C,LEU,58,C,0.5418853163719177,cdr2b,mhc_alpha
ALA,55,C,LEU,58,O,0.5202663540840149,cdr2b,mhc_alpha
ALA,55,C,THR,59,N,0.5318498611450195,cdr2b,mhc_alpha
ALA,55,C,THR,59,CA,0.49802225828170776,cdr2b,mhc_alpha
ALA,55,O,GLN,55,O,0.5385351777076721,cdr2b,mhc_alpha
ALA,55,O,LEU,58,CA,0.5186783671379089,cdr2b,mhc_alpha
ALA,55,O,LEU,58,C,0.44250813126564026,cdr2b,mhc_alpha
ALA,55,O,LEU,58,O,0.4378591775894165,cdr2b,mhc_alpha
ALA,55,O,THR,59,N,0.4379996359348297,cdr2b,mhc_alpha
ALA,55,O,THR,59,CA,0.43257051706314087,cdr2b,mhc_alpha
ALA,55,O,THR,59,C,0.5639106035232544,cdr2b,mhc_alpha
ALA,55,O,THR,59,O,0.590228796005249,cdr2b,mhc_alpha
