tcrRes,tcrNum,tcrName,mhcRes,mhcNum,mhcName,distance,loop,mhc_chain
GLY,30,CA,ASP,83,O,0.5255744457244873,cdr1a,mhc_beta
GLY,30,CA,THR,84,O,0.5918899774551392,cdr1a,mhc_beta
GLY,30,C,ASP,83,C,0.5395874381065369,cdr1a,mhc_beta
GLY,30,C,ASP,83,O,0.4617263674736023,cdr1a,mhc_beta
GLY,30,C,THR,84,N,0.5515186190605164,cdr1a,mhc_beta
GLY,30,C,THR,84,CA,0.47567859292030334,cdr1a,mhc_beta
GLY,30,C,THR,84,C,0.529199481010437,cdr1a,mhc_beta
GLY,30,C,THR,84,O,0.4801460802555084,cdr1a,mhc_beta
GLY,30,O,ASP,83,CA,0.5619071125984192,cdr1a,mhc_beta
GLY,30,O,ASP,83,C,0.4434278607368469,cdr1a,mhc_beta
GLY,30,O,ASP,83,O,0.38250574469566345,cdr1a,mhc_beta
GLY,30,O,THR,84,N,0.45312899351119995,cdr1a,mhc_beta
GLY,30,O,THR,84,CA,0.39418867230415344,cdr1a,mhc_beta
GLY,30,O,THR,84,C,0.476359486579895,cdr1a,mhc_beta
GLY,30,O,THR,84,O,0.4559510350227356,cdr1a,mhc_beta
ASN,36,N,ASP,83,O,0.534884512424469,cdr1a,mhc_beta
ASN,36,N,THR,84,N,0.5965548753738403,cdr1a,mhc_beta
ASN,36,N,THR,84,CA,0.4926415979862213,cdr1a,mhc_beta
ASN,36,N,THR,84,C,0.5237811207771301,cdr1a,mhc_beta
ASN,36,N,THR,84,O,0.45507559180259705,cdr1a,mhc_beta
ASN,36,CA,ASP,83,C,0.5925896167755127,cdr1a,mhc_beta
ASN,36,CA,ASP,83,O,0.543795645236969,cdr1a,mhc_beta
ASN,36,CA,THR,84,N,0.550456702709198,cdr1a,mhc_beta
ASN,36,CA,THR,84,CA,0.4258347153663635,cdr1a,mhc_beta
ASN,36,CA,THR,84,C,0.4555882513523102,cdr1a,mhc_beta
ASN,36,CA,THR,84,O,0.3941274881362915,cdr1a,mhc_beta
ASN,36,C,THR,84,CA,0.5321688055992126,cdr1a,mhc_beta
ASN,36,C,THR,84,C,0.5743662714958191,cdr1a,mhc_beta
ASN,36,C,THR,84,O,0.5225096940994263,cdr1a,mhc_beta
ASN,36,O,THR,84,CA,0.546561062335968,cdr1a,mhc_beta
ASN,36,O,THR,84,C,0.5833837389945984,cdr1a,mhc_beta
ASN,36,O,THR,84,O,0.5407863855361938,cdr1a,mhc_beta
ARG,66,CA,LEU,58,C,0.5668284893035889,cdr2b,mhc_alpha
ARG,66,CA,LEU,58,O,0.5243561863899231,cdr2b,mhc_alpha
ARG,66,CA,THR,59,N,0.5830377340316772,cdr2b,mhc_alpha
ARG,66,CA,THR,59,CA,0.5646105408668518,cdr2b,mhc_alpha
ARG,66,C,LEU,58,C,0.5781881809234619,cdr2b,mhc_alpha
ARG,66,C,LEU,58,O,0.5676150918006897,cdr2b,mhc_alpha
ARG,66,C,THR,59,N,0.5790293216705322,cdr2b,mhc_alpha
ARG,66,C,THR,59,CA,0.5797755122184753,cdr2b,mhc_alpha
ARG,66,O,GLN,55,O,0.5949418544769287,cdr2b,mhc_alpha
ARG,66,O,LEU,58,CA,0.5647361874580383,cdr2b,mhc_alpha
ARG,66,O,LEU,58,C,0.5266457796096802,cdr2b,mhc_alpha
ARG,66,O,LEU,58,O,0.532876193523407,cdr2b,mhc_alpha
ARG,66,O,THR,59,N,0.5374753475189209,cdr2b,mhc_alpha
ARG,66,O,THR,59,CA,0.5689054131507874,cdr2b,mhc_alpha
