tcrRes,tcrNum,tcrName,mhcRes,mhcNum,mhcName,distance,loop,mhc_chain
GLN,57,CA,ALA,62,O,0.5869156718254089,cdr2b,mhc_alpha
GLN,57,C,ALA,62,O,0.5665674209594727,cdr2b,mhc_alpha
GLN,57,C,HIS,66,CA,0.5569285154342651,cdr2b,mhc_alpha
GLN,57,O,ALA,62,C,0.5617010593414307,cdr2b,mhc_alpha
GLN,57,O,ALA,62,O,0.4716501235961914,cdr2b,mhc_alpha
GLN,57,O,HIS,66,N,0.5177291631698608,cdr2b,mhc_alpha
GLN,57,O,HIS,66,CA,0.4721035063266754,cdr2b,mhc_alpha
GLY,58,CA,HIS,66,CA,0.5860484838485718,cdr2b,mhc_alpha
ALA,65,C,ALA,62,CA,0.5915759205818176,cdr2b,mhc_alpha
ALA,65,O,LEU,58,O,0.5850558280944824,cdr2b,mhc_alpha
ALA,65,O,ALA,62,CA,0.5291212797164917,cdr2b,mhc_alpha
ALA,66,N,ALA,62,CA,0.5927940011024475,cdr2b,mhc_alpha
ALA,66,CA,LEU,58,C,0.5628088712692261,cdr2b,mhc_alpha
ALA,66,CA,LEU,58,O,0.5203940272331238,cdr2b,mhc_alpha
ALA,66,CA,THR,59,N,0.5402253866195679,cdr2b,mhc_alpha
ALA,66,CA,THR,59,CA,0.4566737711429596,cdr2b,mhc_alpha
ALA,66,CA,THR,59,C,0.5327272415161133,cdr2b,mhc_alpha
ALA,66,CA,THR,59,O,0.4997689127922058,cdr2b,mhc_alpha
ALA,66,CA,ALA,62,N,0.585501492023468,cdr2b,mhc_alpha
ALA,66,CA,ALA,62,CA,0.518138587474823,cdr2b,mhc_alpha
ALA,66,CA,ALA,62,C,0.5777416229248047,cdr2b,mhc_alpha
ALA,66,C,LEU,58,C,0.5313599109649658,cdr2b,mhc_alpha
ALA,66,C,LEU,58,O,0.5222194194793701,cdr2b,mhc_alpha
ALA,66,C,THR,59,N,0.49016937613487244,cdr2b,mhc_alpha
ALA,66,C,THR,59,CA,0.42515304684638977,cdr2b,mhc_alpha
ALA,66,C,THR,59,C,0.5369676351547241,cdr2b,mhc_alpha
ALA,66,C,THR,59,O,0.5371347069740295,cdr2b,mhc_alpha
ALA,66,O,GLN,55,O,0.5141122341156006,cdr2b,mhc_alpha
ALA,66,O,LEU,58,CA,0.5251075625419617,cdr2b,mhc_alpha
ALA,66,O,LEU,58,C,0.42331987619400024,cdr2b,mhc_alpha
ALA,66,O,LEU,58,O,0.4331749379634857,cdr2b,mhc_alpha
ALA,66,O,THR,59,N,0.37636321783065796,cdr2b,mhc_alpha
ALA,66,O,THR,59,CA,0.33071988821029663,cdr2b,mhc_alpha
ALA,66,O,THR,59,C,0.46049851179122925,cdr2b,mhc_alpha
ALA,66,O,THR,59,O,0.48572227358818054,cdr2b,mhc_alpha
