tcrRes,tcrNum,tcrName,mhcRes,mhcNum,mhcName,distance,loop
ARG,27,O,GLU,164,CD,0.5942621231079102,cdr1a
ARG,27,O,GLU,164,OE2,0.56868577003479,cdr1a
THR,28,N,GLU,164,CG,0.5445975661277771,cdr1a
THR,28,N,GLU,164,CD,0.5786944031715393,cdr1a
THR,28,CA,GLU,164,CG,0.5577069520950317,cdr1a
THR,28,CA,GLU,164,CD,0.5973238945007324,cdr1a
THR,29,CA,ALA,156,CB,0.5924254059791565,cdr1a
THR,29,C,ALA,156,CB,0.581861138343811,cdr1a
TYR,30,N,ALA,156,CB,0.5867536664009094,cdr1a
PHE,52,N,ARG,157,CZ,0.5896292328834534,cdr2a
PHE,52,N,ARG,157,NH2,0.5797151923179626,cdr2a
PHE,52,N,GLU,161,OE1,0.5253076553344727,cdr2a
PHE,52,CA,ARG,157,CD,0.5863159894943237,cdr2a
PHE,52,CA,ARG,157,NE,0.5037766695022583,cdr2a
PHE,52,CA,ARG,157,CZ,0.4741986095905304,cdr2a
PHE,52,CA,ARG,157,NH1,0.5235303640365601,cdr2a
PHE,52,CA,ARG,157,NH2,0.4455071985721588,cdr2a
PHE,52,CA,GLU,161,CD,0.5474687218666077,cdr2a
PHE,52,CA,GLU,161,OE1,0.4337661564350128,cdr2a
PHE,52,CA,GLU,161,OE2,0.5880963206291199,cdr2a
PHE,52,C,ARG,157,CD,0.5876604914665222,cdr2a
PHE,52,C,ARG,157,NE,0.4985092878341675,cdr2a
PHE,52,C,ARG,157,CZ,0.431063711643219,cdr2a
PHE,52,C,ARG,157,NH1,0.4519929587841034,cdr2a
PHE,52,C,ARG,157,NH2,0.3958193361759186,cdr2a
PHE,52,C,GLU,161,OE1,0.5148228406906128,cdr2a
PHE,52,O,ARG,157,CD,0.5580146312713623,cdr2a
PHE,52,O,ARG,157,NE,0.4494687020778656,cdr2a
PHE,52,O,ARG,157,CZ,0.3614911735057831,cdr2a
PHE,52,O,ARG,157,NH1,0.3895013630390167,cdr2a
PHE,52,O,ARG,157,NH2,0.30085116624832153,cdr2a
PHE,52,O,GLU,161,CD,0.5867360234260559,cdr2a
PHE,52,O,GLU,161,OE1,0.49793046712875366,cdr2a
PHE,52,O,GLU,161,OE2,0.5841097831726074,cdr2a
ASP,53,N,ARG,157,NE,0.5895707011222839,cdr2a
ASP,53,N,ARG,157,CZ,0.5162166953086853,cdr2a
ASP,53,N,ARG,157,NH1,0.5058754682540894,cdr2a
ASP,53,N,ARG,157,NH2,0.4980008602142334,cdr2a
ASP,53,CA,ARG,157,CZ,0.5582736134529114,cdr2a
ASP,53,CA,ARG,157,NH1,0.5213003158569336,cdr2a
ASP,53,CA,ARG,157,NH2,0.5362370014190674,cdr2a
ALA,50,C,GLN,63,NE2,0.5766289234161377,cdr2b
ALA,50,O,GLN,63,NE2,0.5607547760009766,cdr2b
