tcrRes,tcrNum,tcrName,mhcRes,mhcNum,mhcName,distance,loop
SER,27,O,LEU,161,CD2,0.5874166488647461,cdr1a
PHE,50,CA,ALA,156,CB,0.5246158838272095,cdr2a
PHE,50,C,ALA,156,CB,0.5814604759216309,cdr2a
ASN,52,N,ALA,156,CB,0.5733914375305176,cdr2a
ASN,52,CA,ALA,156,CB,0.5660732388496399,cdr2a
