tcrRes,tcrNum,tcrName,mhcRes,mhcNum,mhcName,distance,loop
ARG,27,N,TRP,165,CZ2,0.5805657505989075,cdr1a
ARG,27,CA,TRP,165,NE1,0.5931470394134521,cdr1a
ARG,27,CA,TRP,165,CE2,0.5747318863868713,cdr1a
ARG,27,CA,TRP,165,CZ2,0.4769446849822998,cdr1a
ARG,27,CA,TRP,165,CH2,0.5423716902732849,cdr1a
ARG,27,C,TRP,165,NE1,0.4875568747520447,cdr1a
ARG,27,C,TRP,165,CE2,0.4865085780620575,cdr1a
ARG,27,C,TRP,165,CZ2,0.40623268485069275,cdr1a
ARG,27,C,TRP,165,CH2,0.49682602286338806,cdr1a
ARG,27,O,TRP,165,CD1,0.5527200102806091,cdr1a
ARG,27,O,TRP,165,CD2,0.5945021510124207,cdr1a
ARG,27,O,TRP,165,NE1,0.4235896170139313,cdr1a
ARG,27,O,TRP,165,CE2,0.4539646804332733,cdr1a
ARG,27,O,TRP,165,CZ2,0.4066244661808014,cdr1a
ARG,27,O,TRP,165,CH2,0.5201459527015686,cdr1a
GLY,28,N,TRP,165,NE1,0.5093811750411987,cdr1a
GLY,28,N,TRP,165,CE2,0.49508851766586304,cdr1a
GLY,28,N,TRP,165,CZ2,0.40688788890838623,cdr1a
GLY,28,N,TRP,165,CH2,0.4839799106121063,cdr1a
GLY,28,CA,TRP,165,CD1,0.5764536261558533,cdr1a
GLY,28,CA,TRP,165,CD2,0.5819871425628662,cdr1a
GLY,28,CA,TRP,165,NE1,0.4542427361011505,cdr1a
GLY,28,CA,TRP,165,CE2,0.4555366039276123,cdr1a
GLY,28,CA,TRP,165,CZ2,0.3963603377342224,cdr1a
GLY,28,CA,TRP,165,CH2,0.48553311824798584,cdr1a
GLY,28,C,TRP,165,NE1,0.5442346930503845,cdr1a
GLY,28,C,TRP,165,CE2,0.5734407901763916,cdr1a
GLY,28,C,TRP,165,CZ2,0.5350233316421509,cdr1a
GLY,28,O,LYS,66,CE,0.5903556942939758,cdr1a
GLY,28,O,LYS,66,NZ,0.5308935046195984,cdr1a
GLY,28,O,THR,161,CG2,0.558413565158844,cdr1a
GLY,28,O,TRP,165,NE1,0.5713757276535034,cdr1a
GLY,28,O,TRP,165,CZ2,0.59001225233078,cdr1a
SER,29,O,THR,161,OG1,0.5508353114128113,cdr1a
SER,29,O,THR,161,CG2,0.5745078921318054,cdr1a
GLN,30,CA,THR,161,OG1,0.5169665217399597,cdr1a
GLN,30,C,THR,161,OG1,0.5973764061927795,cdr1a
GLN,30,O,GLN,153,OE1,0.5619056820869446,cdr1a
GLN,30,O,THR,161,OG1,0.5637413859367371,cdr1a
TYR,50,CA,GLN,153,OE1,0.5772692561149597,cdr2a
TYR,50,CA,ALA,156,CB,0.48509153723716736,cdr2a
TYR,50,C,ALA,156,CB,0.4431785047054291,cdr2a
TYR,50,O,ALA,156,CB,0.4170578718185425,cdr2a
TYR,50,O,THR,161,OG1,0.563880205154419,cdr2a
SER,51,N,ALA,156,CB,0.49014219641685486,cdr2a
SER,51,CA,ALA,156,CB,0.5237417817115784,cdr2a
ASN,52,N,GLU,164,OE2,0.5508111715316772,cdr2a
ASN,52,CA,GLU,164,OE2,0.5860211849212646,cdr2a
VAL,50,O,GLN,70,NE2,0.5945919156074524,cdr2b
