tcrRes,tcrNum,tcrName,mhcRes,mhcNum,mhcName,distance,loop
ASN,29,CA,LYS,66,CD,0.5836700797080994,cdr1a
ASN,29,CA,LYS,66,CE,0.5759539604187012,cdr1a
ASN,29,CA,LYS,66,NZ,0.5710804462432861,cdr1a
TYR,31,CA,GLN,153,NE2,0.5790499448776245,cdr1a
TYR,31,C,GLN,153,CD,0.5888180136680603,cdr1a
TYR,31,C,GLN,153,NE2,0.506560742855072,cdr1a
TYR,31,O,GLN,153,CB,0.549714207649231,cdr1a
TYR,31,O,GLN,153,CG,0.5343694686889648,cdr1a
TYR,31,O,GLN,153,CD,0.46978315711021423,cdr1a
TYR,31,O,GLN,153,OE1,0.5332642793655396,cdr1a
TYR,31,O,GLN,153,NE2,0.38576483726501465,cdr1a
THR,51,N,GLN,153,NE2,0.5875727534294128,cdr2a
THR,51,CA,GLN,153,CD,0.5388598442077637,cdr2a
THR,51,CA,GLN,153,OE1,0.5241179466247559,cdr2a
THR,51,CA,GLN,153,NE2,0.4636270999908447,cdr2a
THR,51,C,GLN,153,CD,0.5762549042701721,cdr2a
THR,51,C,GLN,153,OE1,0.5790950059890747,cdr2a
THR,51,C,GLN,153,NE2,0.47802096605300903,cdr2a
THR,51,O,GLN,153,NE2,0.49988555908203125,cdr2a
LEU,52,N,GLN,153,OE1,0.5974392294883728,cdr2a
LEU,52,N,GLN,153,NE2,0.5197259783744812,cdr2a
LEU,52,CA,GLN,153,NE2,0.5755370259284973,cdr2a
VAL,50,CA,VAL,74,CG2,0.5101332068443298,cdr2b
VAL,50,C,VAL,74,CB,0.5457568764686584,cdr2b
VAL,50,C,VAL,74,CG1,0.5456284284591675,cdr2b
VAL,50,C,VAL,74,CG2,0.41955676674842834,cdr2b
VAL,50,O,VAL,74,CB,0.45657268166542053,cdr2b
VAL,50,O,VAL,74,CG1,0.4475942552089691,cdr2b
VAL,50,O,VAL,74,CG2,0.3459753692150116,cdr2b
GLY,51,N,VAL,74,CB,0.5896967649459839,cdr2b
GLY,51,N,VAL,74,CG1,0.5760571360588074,cdr2b
GLY,51,N,VAL,74,CG2,0.4716550409793854,cdr2b
GLY,51,CA,VAL,74,CB,0.5498170852661133,cdr2b
GLY,51,CA,VAL,74,CG1,0.5083585977554321,cdr2b
GLY,51,CA,VAL,74,CG2,0.46096745133399963,cdr2b
GLY,51,C,VAL,74,CG2,0.5689774751663208,cdr2b
GLY,53,C,ARG,75,CZ,0.5720130205154419,cdr2b
GLY,53,C,ARG,75,NH1,0.5505529046058655,cdr2b
GLY,53,C,ARG,75,NH2,0.5786874294281006,cdr2b
GLY,53,O,ARG,75,CZ,0.5371671319007874,cdr2b
GLY,53,O,ARG,75,NH1,0.5296649932861328,cdr2b
GLY,53,O,ARG,75,NH2,0.5168671607971191,cdr2b
ILE,54,N,ARG,75,CZ,0.5625293254852295,cdr2b
ILE,54,N,ARG,75,NH1,0.5122085213661194,cdr2b
ILE,54,N,ARG,75,NH2,0.592216432094574,cdr2b
ILE,54,CA,ARG,75,NE,0.5914016962051392,cdr2b
ILE,54,CA,ARG,75,CZ,0.5077847242355347,cdr2b
ILE,54,CA,ARG,75,NH1,0.43350479006767273,cdr2b
ILE,54,CA,ARG,75,NH2,0.5372331142425537,cdr2b
ILE,54,C,ARG,75,NH1,0.5479771494865417,cdr2b
THR,55,N,ARG,75,NH1,0.571466326713562,cdr2b
