tcrRes,tcrNum,tcrName,mhcRes,mhcNum,mhcName,distance,loop
ARG,27,O,GLU,164,OE1,0.5270132422447205,cdr1a
ASP,28,N,GLU,164,OE1,0.5851355195045471,cdr1a
ASP,28,CA,GLU,164,CD,0.5678765177726746,cdr1a
ASP,28,CA,GLU,164,OE1,0.47053414583206177,cdr1a
ASP,28,CA,GLU,164,OE2,0.5811713337898254,cdr1a
ASP,28,C,GLU,164,CD,0.5622528791427612,cdr1a
ASP,28,C,GLU,164,OE1,0.4785759150981903,cdr1a
ASP,28,C,GLU,164,OE2,0.5715019106864929,cdr1a
ASP,28,O,GLU,164,OE1,0.5966769456863403,cdr1a
THR,29,N,GLU,164,CG,0.5732763409614563,cdr1a
THR,29,N,GLU,164,CD,0.4532468020915985,cdr1a
THR,29,N,GLU,164,OE1,0.3808932304382324,cdr1a
THR,29,N,GLU,164,OE2,0.4667409658432007,cdr1a
THR,29,CA,GLU,164,CG,0.5859512686729431,cdr1a
THR,29,CA,GLU,164,CD,0.48925405740737915,cdr1a
THR,29,CA,GLU,164,OE1,0.4409586489200592,cdr1a
THR,29,CA,GLU,164,OE2,0.5014318227767944,cdr1a
THR,29,C,GLU,164,CD,0.5846084356307983,cdr1a
THR,29,C,GLU,164,OE1,0.5569345951080322,cdr1a
THR,29,C,GLU,164,OE2,0.5675019025802612,cdr1a
THR,30,N,GLU,164,CD,0.5806317329406738,cdr1a
THR,30,N,GLU,164,OE1,0.5637301206588745,cdr1a
THR,30,N,GLU,164,OE2,0.5375633239746094,cdr1a
THR,30,CA,ALA,156,CB,0.5730862021446228,cdr1a
THR,30,C,ALA,156,CB,0.5642626285552979,cdr1a
THR,30,O,ALA,156,CB,0.5989042520523071,cdr1a
TYR,31,N,ALA,156,CB,0.5663228631019592,cdr1a
ASN,51,N,GLU,152,OE2,0.5826172828674316,cdr2a
PHE,53,CA,ARG,157,NE,0.5442719459533691,cdr2a
PHE,53,CA,ARG,157,CZ,0.5243619680404663,cdr2a
PHE,53,CA,ARG,157,NH1,0.5807508826255798,cdr2a
PHE,53,CA,ARG,157,NH2,0.49371179938316345,cdr2a
PHE,53,CA,GLU,161,OE2,0.5556477308273315,cdr2a
PHE,53,C,ARG,157,NE,0.5500446557998657,cdr2a
PHE,53,C,ARG,157,CZ,0.49369317293167114,cdr2a
PHE,53,C,ARG,157,NH1,0.5269014835357666,cdr2a
PHE,53,C,ARG,157,NH2,0.45098093152046204,cdr2a
PHE,53,O,ARG,157,NE,0.5404912233352661,cdr2a
PHE,53,O,ARG,157,CZ,0.46669772267341614,cdr2a
PHE,53,O,ARG,157,NH1,0.5079944133758545,cdr2a
PHE,53,O,ARG,157,NH2,0.39460429549217224,cdr2a
ASP,54,N,ARG,157,CZ,0.5481436848640442,cdr2a
ASP,54,N,ARG,157,NH1,0.5505980253219604,cdr2a
ASP,54,N,ARG,157,NH2,0.5261448621749878,cdr2a
ASP,54,CA,ARG,157,CZ,0.588116466999054,cdr2a
ASP,54,CA,ARG,157,NH1,0.5654236674308777,cdr2a
ASP,54,CA,ARG,157,NH2,0.5610707998275757,cdr2a
