tcrRes,tcrNum,tcrName,mhcRes,mhcNum,mhcName,distance,loop
SER,28,N,LEU,161,CD1,0.582356333732605,cdr1a
SER,28,CA,LEU,161,CG,0.5541393160820007,cdr1a
SER,28,CA,LEU,161,CD1,0.44407325983047485,cdr1a
SER,28,CA,LEU,161,CD2,0.5304075479507446,cdr1a
SER,28,CA,TRP,165,NE1,0.5853151679039001,cdr1a
SER,28,C,LEU,161,CB,0.5292161703109741,cdr1a
SER,28,C,LEU,161,CG,0.4651014506816864,cdr1a
SER,28,C,LEU,161,CD1,0.36754679679870605,cdr1a
SER,28,C,LEU,161,CD2,0.4454377591609955,cdr1a
SER,28,C,GLU,164,OE1,0.550603985786438,cdr1a
SER,28,C,TRP,165,NE1,0.5862246155738831,cdr1a
SER,28,O,LEU,161,CB,0.46744105219841003,cdr1a
SER,28,O,LEU,161,CG,0.4213796854019165,cdr1a
SER,28,O,LEU,161,CD1,0.3076184391975403,cdr1a
SER,28,O,LEU,161,CD2,0.44122689962387085,cdr1a
SER,28,O,GLU,164,CD,0.5282917022705078,cdr1a
SER,28,O,GLU,164,OE1,0.4279091954231262,cdr1a
SER,28,O,GLU,164,OE2,0.5579062700271606,cdr1a
SER,28,O,TRP,165,CD1,0.5790009498596191,cdr1a
SER,28,O,TRP,165,NE1,0.5254768133163452,cdr1a
GLY,29,N,LEU,161,CB,0.5384589433670044,cdr1a
GLY,29,N,LEU,161,CG,0.4883274435997009,cdr1a
GLY,29,N,LEU,161,CD1,0.4279521703720093,cdr1a
GLY,29,N,LEU,161,CD2,0.4334888160228729,cdr1a
GLY,29,CA,LEU,161,CB,0.4919750988483429,cdr1a
GLY,29,CA,LEU,161,CG,0.48333579301834106,cdr1a
GLY,29,CA,LEU,161,CD1,0.4520183205604553,cdr1a
GLY,29,CA,LEU,161,CD2,0.43140435218811035,cdr1a
GLY,29,C,LEU,161,CD1,0.5949257612228394,cdr1a
GLY,29,C,LEU,161,CD2,0.5322823524475098,cdr1a
GLY,29,O,LEU,161,CD2,0.5438249707221985,cdr1a
LEU,30,C,ALA,156,CB,0.5680502653121948,cdr1a
LEU,30,O,ALA,156,CB,0.44993138313293457,cdr1a
ARG,31,CA,GLN,153,CG,0.5686230659484863,cdr1a
ARG,31,CA,GLN,153,OE1,0.5698423385620117,cdr1a
ARG,31,C,GLN,153,CG,0.5791694521903992,cdr1a
ARG,31,C,GLN,153,OE1,0.5953075289726257,cdr1a
ARG,31,O,ARG,149,CZ,0.5917599201202393,cdr1a
ARG,31,O,ARG,149,NH1,0.5431956648826599,cdr1a
ARG,31,O,ARG,149,NH2,0.533625602722168,cdr1a
ARG,31,O,GLN,153,CB,0.5998461842536926,cdr1a
ARG,31,O,GLN,153,CG,0.5081498026847839,cdr1a
ARG,31,O,GLN,153,CD,0.5652061700820923,cdr1a
ARG,31,O,GLN,153,OE1,0.5610094666481018,cdr1a
TYR,57,CA,ARG,149,NH2,0.5837016105651855,cdr2a
TYR,57,O,ALA,156,CB,0.5725337862968445,cdr2a
ARG,66,CA,THR,67,CG2,0.5987488627433777,cdr2b
ARG,66,C,THR,67,OG1,0.5538209080696106,cdr2b
ARG,66,C,THR,67,CG2,0.5858052372932434,cdr2b
ARG,66,O,THR,67,CB,0.5306829810142517,cdr2b
ARG,66,O,THR,67,OG1,0.442432701587677,cdr2b
ARG,66,O,THR,67,CG2,0.5067709684371948,cdr2b
