tcrRes,tcrNum,tcrName,mhcRes,mhcNum,mhcName,distance,loop
TYR,49,CA,ALA,156,CB,0.4939650595188141,cdr2a
TYR,49,C,ALA,156,CB,0.41835999488830566,cdr2a
TYR,49,O,ALA,156,CB,0.3737722635269165,cdr2a
LYS,50,N,ALA,156,CB,0.45775604248046875,cdr2a
LYS,50,CA,ALA,156,CB,0.47912928462028503,cdr2a
HIS,29,CA,VAL,74,CG1,0.5998190641403198,cdr1b
HIS,29,O,VAL,74,CG1,0.5864434242248535,cdr1b
TYR,50,CA,GLN,70,CD,0.5786038637161255,cdr2b
TYR,50,CA,GLN,70,OE1,0.540603756904602,cdr2b
TYR,50,C,GLN,70,OE1,0.5635740756988525,cdr2b
TYR,50,O,GLN,70,OE1,0.5637490153312683,cdr2b
TYR,50,O,VAL,74,CG2,0.5184500217437744,cdr2b
