tcrRes,tcrNum,tcrName,mhcRes,mhcNum,mhcName,distance,loop
ASN,29,CA,THR,161,OG1,0.5353915095329285,cdr1a
TYR,49,N,GLU,152,OE1,0.5091587901115417,cdr2a
TYR,49,CA,GLU,152,OE1,0.5242010951042175,cdr2a
TYR,49,CA,ALA,156,CB,0.49111974239349365,cdr2a
TYR,49,C,GLU,152,OE1,0.5891842246055603,cdr2a
TYR,49,C,ALA,156,CB,0.411009818315506,cdr2a
TYR,49,O,ALA,156,CB,0.37430962920188904,cdr2a
LYS,50,N,GLU,152,OE1,0.5547196269035339,cdr2a
LYS,50,N,ALA,156,CB,0.4372842013835907,cdr2a
LYS,50,CA,ALA,156,CB,0.43959373235702515,cdr2a
LYS,50,C,ALA,156,CB,0.5836614370346069,cdr2a
HIS,29,CA,VAL,74,CG1,0.5739216208457947,cdr1b
HIS,29,CA,VAL,74,CG2,0.5428078174591064,cdr1b
TYR,50,N,GLN,70,CG,0.590874195098877,cdr2b
TYR,50,N,GLN,70,CD,0.595508337020874,cdr2b
TYR,50,N,GLN,70,NE2,0.555233895778656,cdr2b
TYR,50,CA,GLN,70,CB,0.542404055595398,cdr2b
TYR,50,CA,GLN,70,CG,0.4700614809989929,cdr2b
TYR,50,CA,GLN,70,CD,0.4850774109363556,cdr2b
TYR,50,CA,GLN,70,OE1,0.5492787957191467,cdr2b
TYR,50,CA,GLN,70,NE2,0.47149211168289185,cdr2b
TYR,50,C,GLN,70,CB,0.5029770731925964,cdr2b
TYR,50,C,GLN,70,CG,0.4309130012989044,cdr2b
TYR,50,C,GLN,70,CD,0.40262261033058167,cdr2b
TYR,50,C,GLN,70,OE1,0.44283533096313477,cdr2b
TYR,50,C,GLN,70,NE2,0.392525315284729,cdr2b
TYR,50,O,GLN,70,CB,0.4105289578437805,cdr2b
TYR,50,O,GLN,70,CG,0.363040566444397,cdr2b
TYR,50,O,GLN,70,CD,0.3350054621696472,cdr2b
TYR,50,O,GLN,70,OE1,0.3549789488315582,cdr2b
TYR,50,O,GLN,70,NE2,0.3628857135772705,cdr2b
GLY,51,N,GLN,70,CG,0.5187795758247375,cdr2b
GLY,51,N,GLN,70,CD,0.4573139250278473,cdr2b
GLY,51,N,GLN,70,OE1,0.4885786473751068,cdr2b
GLY,51,N,GLN,70,NE2,0.41745877265930176,cdr2b
GLY,51,CA,GLN,70,CG,0.5550485253334045,cdr2b
GLY,51,CA,GLN,70,CD,0.45828375220298767,cdr2b
GLY,51,CA,GLN,70,OE1,0.4577692449092865,cdr2b
GLY,51,CA,GLN,70,NE2,0.42094114422798157,cdr2b
GLY,51,C,GLN,70,CD,0.5535604953765869,cdr2b
GLY,51,C,GLN,70,OE1,0.559227705001831,cdr2b
GLY,51,C,GLN,70,NE2,0.4862455129623413,cdr2b
GLY,51,O,GLN,70,NE2,0.5207473635673523,cdr2b
VAL,52,N,GLN,70,OE1,0.5954246520996094,cdr2b
VAL,52,N,GLN,70,NE2,0.5472893118858337,cdr2b
VAL,52,O,GLN,70,NE2,0.5676689743995667,cdr2b
ASP,54,CA,GLN,70,NE2,0.5727719664573669,cdr2b
