tcrRes,tcrNum,tcrName,mhcRes,mhcNum,mhcName,distance,loop
ILE,55,C,ARG,63,NE,0.507427453994751,cdr2b
ILE,55,C,ARG,63,CZ,0.5458238124847412,cdr2b
ILE,55,C,ARG,63,NH1,0.49353262782096863,cdr2b
ILE,55,O,ARG,63,CG,0.5189950466156006,cdr2b
ILE,55,O,ARG,63,CD,0.5314017534255981,cdr2b
ILE,55,O,ARG,63,NE,0.4278842508792877,cdr2b
ILE,55,O,ARG,63,CZ,0.45481038093566895,cdr2b
ILE,55,O,ARG,63,NH1,0.4096561372280121,cdr2b
ILE,55,O,ARG,63,NH2,0.5684765577316284,cdr2b
