tcrRes,tcrNum,tcrName,mhcRes,mhcNum,mhcName,distance,loop
SER,52,N,ALA,156,CB,0.592192530632019,cdr2a
SER,52,CA,ALA,156,CB,0.5433651208877563,cdr2a
SER,52,C,ALA,156,CB,0.5148820877075195,cdr2a
SER,52,O,ALA,156,CB,0.5888634324073792,cdr2a
SER,53,N,ALA,156,CB,0.44999656081199646,cdr2a
SER,53,CA,ALA,156,CB,0.47885236144065857,cdr2a
GLN,50,N,GLN,70,CG,0.5966113209724426,cdr2b
GLN,50,CA,GLN,70,CB,0.562076985836029,cdr2b
GLN,50,CA,GLN,70,CG,0.5427783131599426,cdr2b
GLN,50,CA,GLN,70,CD,0.5992854237556458,cdr2b
GLN,50,CA,GLN,70,NE2,0.5738196969032288,cdr2b
GLN,50,C,GLN,70,CB,0.5338859558105469,cdr2b
GLN,50,C,GLN,70,CG,0.5000091195106506,cdr2b
GLN,50,C,GLN,70,CD,0.5188876390457153,cdr2b
GLN,50,C,GLN,70,NE2,0.47251686453819275,cdr2b
GLN,50,O,GLN,70,CB,0.4883348345756531,cdr2b
GLN,50,O,GLN,70,CG,0.4239247143268585,cdr2b
GLN,50,O,GLN,70,CD,0.42716068029403687,cdr2b
GLN,50,O,GLN,70,OE1,0.5065605044364929,cdr2b
GLN,50,O,GLN,70,NE2,0.3947792649269104,cdr2b
GLN,50,O,ARG,75,NH1,0.5975211262702942,cdr2b
ASN,51,N,GLN,70,CG,0.5876773595809937,cdr2b
ASN,51,N,GLN,70,CD,0.5871532559394836,cdr2b
ASN,51,N,GLN,70,NE2,0.513290524482727,cdr2b
ASN,51,CA,GLN,70,CD,0.594183087348938,cdr2b
ASN,51,CA,GLN,70,NE2,0.5021514296531677,cdr2b
ASN,51,CA,ARG,75,NH1,0.5923089385032654,cdr2b
ASN,51,CA,GLU,74,OE2,0.5643972754478455,cdr2b
ASN,51,C,GLN,70,NE2,0.5539274215698242,cdr2b
GLU,52,N,GLN,70,CD,0.567906379699707,cdr2b
GLU,52,N,GLN,70,NE2,0.5013443827629089,cdr2b
GLU,52,N,ARG,75,NH1,0.521156907081604,cdr2b
GLU,52,CA,ARG,75,NH1,0.5902226567268372,cdr2b
GLU,52,C,GLN,70,NE2,0.589345395565033,cdr2b
ALA,53,N,GLN,70,CG,0.5407912135124207,cdr2b
ALA,53,N,GLN,70,CD,0.49456822872161865,cdr2b
ALA,53,N,GLN,70,OE1,0.5072715878486633,cdr2b
ALA,53,N,GLN,70,NE2,0.49335169792175293,cdr2b
ALA,53,N,ARG,75,NH1,0.5825328230857849,cdr2b
ALA,53,CA,GLN,70,CG,0.5176045298576355,cdr2b
ALA,53,CA,GLN,70,CD,0.4936181902885437,cdr2b
ALA,53,CA,GLN,70,OE1,0.48986244201660156,cdr2b
ALA,53,CA,GLN,70,NE2,0.5300102829933167,cdr2b
ALA,53,C,GLN,70,CG,0.5928667187690735,cdr2b
ALA,53,O,GLN,70,CG,0.5818076729774475,cdr2b
GLN,54,O,LYS,66,CE,0.586585521697998,cdr2b
LEU,55,CA,LYS,66,CE,0.5294843316078186,cdr2b
LEU,55,C,LYS,66,CE,0.5662791132926941,cdr2b
LEU,55,O,LYS,66,CB,0.5975301265716553,cdr2b
LEU,55,O,LYS,66,CD,0.5682598948478699,cdr2b
LEU,55,O,LYS,66,CE,0.5047912001609802,cdr2b
