tcrRes,tcrNum,tcrName,mhcRes,mhcNum,mhcName,distance,loop
GLY,28,O,LYS,66,NZ,0.5573703050613403,cdr1a
SER,29,O,THR,161,CG2,0.5662311911582947,cdr1a
ILE,49,N,GLU,152,OE2,0.5863844156265259,cdr2a
ILE,49,CA,GLU,152,OE2,0.5613730549812317,cdr2a
TYR,50,N,GLU,152,OE2,0.5737808346748352,cdr2a
TYR,50,N,ALA,156,CB,0.5478041172027588,cdr2a
TYR,50,CA,ALA,156,CB,0.44552454352378845,cdr2a
TYR,50,C,ALA,156,CB,0.3829692006111145,cdr2a
TYR,50,O,ALA,156,CB,0.3461768329143524,cdr2a
TYR,50,O,THR,161,CG2,0.5906073451042175,cdr2a
SER,51,N,ALA,156,CB,0.43045756220817566,cdr2a
SER,51,CA,ALA,156,CB,0.45113417506217957,cdr2a
ASP,28,C,LYS,144,NZ,0.5670772790908813,cdr1b
ASP,28,O,LYS,144,CE,0.5770704746246338,cdr1b
ASP,28,O,LYS,144,NZ,0.47457197308540344,cdr1b
