tcrRes,tcrNum,tcrName,mhcRes,mhcNum,mhcName,distance,loop
THR,30,N,GLU,164,OE1,0.5705317258834839,cdr1a
THR,30,CA,GLU,164,OE1,0.5376427173614502,cdr1a
THR,36,CA,ALA,156,CB,0.5498510003089905,cdr1a
THR,36,C,ALA,156,CB,0.5632336139678955,cdr1a
THR,36,O,ALA,156,CB,0.5815640091896057,cdr1a
PHE,59,N,ARG,157,NE,0.597902238368988,cdr2a
PHE,59,N,ARG,157,CZ,0.596731960773468,cdr2a
PHE,59,N,ARG,157,NH2,0.5880494713783264,cdr2a
PHE,59,N,GLU,161,OE2,0.5835660696029663,cdr2a
PHE,59,CA,ARG,157,CD,0.5747877955436707,cdr2a
PHE,59,CA,ARG,157,NE,0.49663329124450684,cdr2a
PHE,59,CA,ARG,157,CZ,0.47468170523643494,cdr2a
PHE,59,CA,ARG,157,NH1,0.5248211622238159,cdr2a
PHE,59,CA,ARG,157,NH2,0.4516761004924774,cdr2a
PHE,59,CA,GLU,161,OE2,0.5082401633262634,cdr2a
PHE,59,C,ARG,157,NE,0.5322158336639404,cdr2a
PHE,59,C,ARG,157,CZ,0.4763663709163666,cdr2a
PHE,59,C,ARG,157,NH1,0.49099716544151306,cdr2a
PHE,59,C,ARG,157,NH2,0.45426180958747864,cdr2a
PHE,59,O,ARG,157,CD,0.594131588935852,cdr2a
PHE,59,O,ARG,157,NE,0.5028853416442871,cdr2a
PHE,59,O,ARG,157,CZ,0.4205654561519623,cdr2a
PHE,59,O,ARG,157,NH1,0.4275898337364197,cdr2a
PHE,59,O,ARG,157,NH2,0.3809496760368347,cdr2a
ASP,62,N,ARG,157,CZ,0.5823302865028381,cdr2a
ASP,62,N,ARG,157,NH1,0.576209545135498,cdr2a
ASP,62,N,ARG,157,NH2,0.5760077238082886,cdr2a
