tcrRes,tcrNum,tcrName,mhcRes,mhcNum,mhcName,distance,loop
SER,28,CA,GLU,164,OE1,0.5999183058738708,cdr1a
SER,28,C,GLU,164,OE1,0.5547009110450745,cdr1a
ILE,29,N,LEU,161,CG,0.5708710551261902,cdr1a
ILE,29,N,LEU,161,CD2,0.5278461575508118,cdr1a
ILE,29,N,GLU,164,CD,0.5604766607284546,cdr1a
ILE,29,N,GLU,164,OE1,0.4735663831233978,cdr1a
ILE,29,N,GLU,164,OE2,0.5557305216789246,cdr1a
ILE,29,CA,LEU,161,CG,0.5904237031936646,cdr1a
ILE,29,CA,LEU,161,CD2,0.5815719962120056,cdr1a
ILE,29,CA,GLU,164,CD,0.575391411781311,cdr1a
ILE,29,CA,GLU,164,OE1,0.5162993669509888,cdr1a
ILE,29,CA,GLU,164,OE2,0.5376963019371033,cdr1a
ASN,30,C,ALA,156,CB,0.5889784693717957,cdr1a
ASN,30,O,ALA,156,CB,0.5367355346679688,cdr1a
ASN,31,N,ALA,156,CB,0.5450658202171326,cdr1a
ASN,31,CA,GLN,153,CD,0.5841617584228516,cdr1a
ASN,31,CA,GLN,153,OE1,0.5185383558273315,cdr1a
ASN,31,CA,ALA,156,CB,0.414249449968338,cdr1a
ASN,31,C,GLN,153,OE1,0.5528207421302795,cdr1a
ASN,31,C,ALA,156,CB,0.4104336202144623,cdr1a
ASN,31,O,ALA,156,CB,0.3352385461330414,cdr1a
LEU,32,N,GLN,153,OE1,0.5631649494171143,cdr1a
LEU,32,N,ALA,156,CB,0.5337896943092346,cdr1a
LEU,32,CA,ALA,156,CB,0.5941123366355896,cdr1a
ARG,50,CA,ALA,156,CB,0.5226038098335266,cdr2a
ARG,50,C,ALA,156,CB,0.5416924357414246,cdr2a
SER,51,N,ALA,156,CB,0.46397557854652405,cdr2a
SER,51,CA,ALA,156,CB,0.5431512594223022,cdr2a
SER,51,C,ALA,156,CB,0.5842897891998291,cdr2a
ASN,52,N,ALA,156,CB,0.5306019186973572,cdr2a
ASN,52,CA,GLU,161,OE1,0.521446704864502,cdr2a
ASN,52,O,GLU,161,OE1,0.5909785032272339,cdr2a
