tcrRes,tcrNum,tcrName,mhcRes,mhcNum,mhcName,distance,loop
ASP,27,C,THR,161,OG1,0.5558605790138245,cdr1a
SER,28,N,THR,161,OG1,0.49483492970466614,cdr1a
SER,28,CA,THR,161,OG1,0.557528018951416,cdr1a
SER,28,C,ALA,156,CB,0.48257625102996826,cdr1a
SER,28,C,THR,161,OG1,0.5270152688026428,cdr1a
SER,28,O,ALA,156,CB,0.3719880282878876,cdr1a
SER,28,O,THR,161,OG1,0.5060281753540039,cdr1a
VAL,29,N,ALA,156,CB,0.5267303586006165,cdr1a
VAL,29,N,THR,161,OG1,0.5849973559379578,cdr1a
VAL,29,CA,GLN,153,CB,0.5955852270126343,cdr1a
VAL,29,CA,GLN,153,CG,0.5327649712562561,cdr1a
VAL,29,CA,GLN,153,CD,0.5415626764297485,cdr1a
VAL,29,CA,GLN,153,OE1,0.4960896372795105,cdr1a
VAL,29,CA,ALA,156,CB,0.4736340343952179,cdr1a
VAL,29,C,GLN,153,CB,0.5325618386268616,cdr1a
VAL,29,C,GLN,153,CG,0.49879226088523865,cdr1a
VAL,29,C,GLN,153,CD,0.494570255279541,cdr1a
VAL,29,C,GLN,153,OE1,0.42372334003448486,cdr1a
VAL,29,C,ALA,156,CB,0.4907463788986206,cdr1a
VAL,29,O,GLN,153,CB,0.4188421368598938,cdr1a
VAL,29,O,GLN,153,CG,0.4071972668170929,cdr1a
VAL,29,O,GLN,153,CD,0.420017272233963,cdr1a
VAL,29,O,GLN,153,OE1,0.35538744926452637,cdr1a
VAL,29,O,GLN,153,NE2,0.5426630973815918,cdr1a
VAL,29,O,ALA,156,CB,0.4423125386238098,cdr1a
ASN,30,N,GLN,153,CD,0.5767694115638733,cdr1a
ASN,30,N,GLN,153,OE1,0.48591479659080505,cdr1a
ASN,30,CA,GLN,153,OE1,0.5115488767623901,cdr1a
ILE,49,N,GLU,152,OE2,0.5129135847091675,cdr2a
ILE,49,CA,GLU,152,CD,0.5934038758277893,cdr2a
ILE,49,CA,GLU,152,OE2,0.47276291251182556,cdr2a
ILE,49,C,GLU,152,OE2,0.5405953526496887,cdr2a
PRO,50,N,GLU,152,CB,0.5662152767181396,cdr2a
PRO,50,N,GLU,152,OE2,0.5046460628509521,cdr2a
PRO,50,CA,ALA,156,CB,0.5241333246231079,cdr2a
PRO,50,C,ALA,156,CB,0.4668242037296295,cdr2a
PRO,50,O,ALA,156,CB,0.4698944091796875,cdr2a
SER,51,N,GLU,152,CB,0.5284907817840576,cdr2a
SER,51,N,GLU,152,OE2,0.5544099807739258,cdr2a
SER,51,N,ALA,156,CB,0.4676361382007599,cdr2a
SER,51,CA,GLU,152,CB,0.5727421045303345,cdr2a
SER,51,CA,ARG,157,CB,0.5549802184104919,cdr2a
SER,51,CA,ALA,156,CB,0.46786734461784363,cdr2a
SER,51,O,GLU,152,CB,0.5959376692771912,cdr2a
SER,51,O,GLU,152,OE2,0.5288170576095581,cdr2a
GLY,52,O,GLU,161,OE1,0.5893946290016174,cdr2a
