tcrRes,tcrNum,tcrName,mhcRes,mhcNum,mhcName,distance,loop
ASN,50,C,GLN,70,NE2,0.5794422030448914,cdr2b
ASN,50,O,GLN,70,CG,0.5615646243095398,cdr2b
ASN,50,O,GLN,70,CD,0.5644090175628662,cdr2b
ASN,50,O,GLN,70,NE2,0.4994446337223053,cdr2b
ASN,51,N,GLN,70,NE2,0.5980097055435181,cdr2b
ASN,51,CA,GLN,70,NE2,0.5475256443023682,cdr2b
ASN,51,C,GLN,70,NE2,0.5687882900238037,cdr2b
ASN,51,O,GLN,70,NE2,0.5216397047042847,cdr2b
ILE,55,CA,ARG,63,CG,0.5364693403244019,cdr2b
ILE,55,CA,ARG,63,CD,0.5155139565467834,cdr2b
ILE,55,C,ARG,63,CB,0.5821310877799988,cdr2b
ILE,55,C,ARG,63,CG,0.47931522130966187,cdr2b
ILE,55,C,ARG,63,CD,0.42685073614120483,cdr2b
ILE,55,C,ARG,63,NE,0.5438655614852905,cdr2b
ILE,55,C,ARG,63,CZ,0.5735474228858948,cdr2b
ILE,55,C,ARG,63,NH1,0.5024859309196472,cdr2b
ILE,55,O,ARG,63,CB,0.4820462167263031,cdr2b
ILE,55,O,ARG,63,CG,0.3995218276977539,cdr2b
ILE,55,O,ARG,63,CD,0.35817065834999084,cdr2b
ILE,55,O,ARG,63,NE,0.46872442960739136,cdr2b
ILE,55,O,ARG,63,CZ,0.4895325303077698,cdr2b
ILE,55,O,ARG,63,NH1,0.4129317104816437,cdr2b
