tcrRes,tcrNum,tcrName,mhcRes,mhcNum,mhcName,distance,loop
ASN,50,C,GLN,70,CB,0.5661348700523376,cdr2b
ASN,50,C,GLN,70,CG,0.5735837817192078,cdr2b
ASN,50,O,GLN,70,CB,0.5117453932762146,cdr2b
ASN,50,O,GLN,70,CG,0.49135324358940125,cdr2b
ASN,50,O,GLN,70,CD,0.5410333275794983,cdr2b
ASN,50,O,GLN,70,OE1,0.5531674027442932,cdr2b
ASN,50,O,ARG,75,NH2,0.5637235641479492,cdr2b
ASN,51,N,GLN,70,CB,0.5988270044326782,cdr2b
ASN,51,N,ARG,75,NH2,0.5830413699150085,cdr2b
ASN,51,CA,GLN,70,CB,0.5870448350906372,cdr2b
ASN,51,CA,GLN,70,OE1,0.5950556397438049,cdr2b
ASN,51,CA,ARG,75,CZ,0.5961464643478394,cdr2b
ASN,51,CA,ARG,75,NH2,0.47318780422210693,cdr2b
ASN,51,C,GLN,70,OE1,0.5795753002166748,cdr2b
ASN,51,C,ARG,75,CZ,0.5887056589126587,cdr2b
ASN,51,C,ARG,75,NH2,0.4681518077850342,cdr2b
ASN,51,O,GLN,70,CG,0.587585985660553,cdr2b
ASN,51,O,GLN,70,CD,0.553864598274231,cdr2b
ASN,51,O,GLN,70,OE1,0.4958597421646118,cdr2b
ASN,51,O,ARG,75,NE,0.5925960540771484,cdr2b
ASN,51,O,ARG,75,CZ,0.49012401700019836,cdr2b
ASN,51,O,ARG,75,NH1,0.5308017134666443,cdr2b
ASN,51,O,ARG,75,NH2,0.37552976608276367,cdr2b
ASN,52,N,ARG,75,NH2,0.5963537096977234,cdr2b
VAL,53,CA,GLN,70,CD,0.5910828113555908,cdr2b
VAL,53,CA,GLN,70,NE2,0.5897504687309265,cdr2b
PRO,54,O,LYS,66,CE,0.5456317663192749,cdr2b
PRO,54,O,LYS,66,NZ,0.5140053033828735,cdr2b
ILE,55,CA,ARG,63,CG,0.5076909065246582,cdr2b
ILE,55,CA,ARG,63,CD,0.523675262928009,cdr2b
ILE,55,C,ARG,63,CB,0.5632373690605164,cdr2b
ILE,55,C,ARG,63,CG,0.44388294219970703,cdr2b
ILE,55,C,ARG,63,CD,0.42266717553138733,cdr2b
ILE,55,C,ARG,63,NE,0.5629253387451172,cdr2b
ILE,55,O,ARG,63,CB,0.4677615165710449,cdr2b
ILE,55,O,ARG,63,CG,0.36583027243614197,cdr2b
ILE,55,O,ARG,63,CD,0.3489959239959717,cdr2b
ILE,55,O,ARG,63,NE,0.4911874532699585,cdr2b
ILE,55,O,ARG,63,CZ,0.5598046779632568,cdr2b
ILE,55,O,ARG,63,NH1,0.5193672776222229,cdr2b
ILE,55,O,LYS,66,NZ,0.5468565225601196,cdr2b
