tcrRes,tcrNum,tcrName,mhcRes,mhcNum,mhcName,distance,loop
ILE,28,C,ALA,156,CB,0.5648880004882812,cdr1a
ILE,28,O,ALA,156,CB,0.45426440238952637,cdr1a
PHE,29,CA,ALA,156,CB,0.5980106592178345,cdr1a
ASN,30,N,GLN,153,OE1,0.5746326446533203,cdr1a
ASN,30,N,GLN,153,NE2,0.5275718569755554,cdr1a
ASN,30,CA,GLU,152,CB,0.5501769185066223,cdr1a
ASN,30,CA,GLU,152,CG,0.5426139235496521,cdr1a
ASN,30,CA,GLN,153,NE2,0.5573292970657349,cdr1a
ASN,30,C,GLU,152,CB,0.5150229334831238,cdr1a
ASN,30,C,GLU,152,CG,0.4881185293197632,cdr1a
ASN,30,C,GLN,153,NE2,0.5434786677360535,cdr1a
ASN,30,O,GLU,152,CB,0.533655047416687,cdr1a
ASN,30,O,GLU,152,CG,0.47093018889427185,cdr1a
ASN,30,O,GLU,152,CD,0.595236599445343,cdr1a
THR,31,N,GLU,152,CB,0.5159070491790771,cdr1a
THR,31,N,GLU,152,CG,0.5137090682983398,cdr1a
THR,31,N,GLN,153,CD,0.5854843258857727,cdr1a
THR,31,N,GLN,153,NE2,0.4760582745075226,cdr1a
THR,31,CA,GLU,152,CB,0.55270916223526,cdr1a
THR,31,CA,GLU,152,CG,0.5366138815879822,cdr1a
THR,31,CA,GLN,153,NE2,0.5244527459144592,cdr1a
THR,31,O,GLN,153,NE2,0.5869020819664001,cdr1a
TYR,50,CA,GLU,152,CG,0.5456113219261169,cdr2a
TYR,50,CA,GLU,152,CD,0.5910753011703491,cdr2a
TYR,50,CA,GLU,152,OE2,0.5444574952125549,cdr2a
TYR,50,C,GLU,152,CG,0.5276845097541809,cdr2a
TYR,50,C,GLU,152,CD,0.5834442973136902,cdr2a
TYR,50,C,GLU,152,OE2,0.5308847427368164,cdr2a
TYR,50,O,GLU,152,CB,0.551324725151062,cdr2a
TYR,50,O,GLU,152,CG,0.4263606667518616,cdr2a
TYR,50,O,GLU,152,CD,0.4931691288948059,cdr2a
TYR,50,O,GLU,152,OE2,0.4506966173648834,cdr2a
