tcrRes,tcrNum,tcrName,mhcRes,mhcNum,mhcName,distance,loop
ILE,49,N,GLU,152,OE2,0.5125137567520142,cdr2a
ILE,49,CA,GLU,152,CD,0.5875534415245056,cdr2a
ILE,49,CA,GLU,152,OE2,0.481746107339859,cdr2a
ILE,49,C,GLU,152,OE2,0.5349821448326111,cdr2a
TYR,50,N,GLU,152,CG,0.5855926275253296,cdr2a
TYR,50,N,GLU,152,CD,0.583199679851532,cdr2a
TYR,50,N,GLU,152,OE2,0.5064631700515747,cdr2a
TYR,50,N,ALA,156,CB,0.5353443622589111,cdr2a
TYR,50,CA,GLU,152,OE2,0.594614565372467,cdr2a
TYR,50,CA,ALA,156,CB,0.42925316095352173,cdr2a
TYR,50,C,ALA,156,CB,0.3720053434371948,cdr2a
TYR,50,O,ALA,156,CB,0.3749394714832306,cdr2a
SER,51,N,ALA,156,CB,0.3866475224494934,cdr2a
SER,51,CA,ALA,156,CB,0.40848612785339355,cdr2a
SER,51,C,ALA,156,CB,0.5575689673423767,cdr2a
