tcrRes,tcrNum,tcrName,mhcRes,mhcNum,mhcName,distance,loop
ALA,30,N,ARG,63,NH2,0.5975023508071899,cdr1a
ALA,30,O,GLN,153,OE1,0.5968064665794373,cdr1a
ASN,32,N,GLN,153,OE1,0.5362783670425415,cdr1a
ASN,32,CA,GLN,153,CD,0.4906165301799774,cdr1a
ASN,32,CA,GLN,153,OE1,0.42248329520225525,cdr1a
ASN,32,CA,GLN,153,NE2,0.5057405829429626,cdr1a
ASN,32,C,GLN,153,CG,0.5901857018470764,cdr1a
ASN,32,C,GLN,153,CD,0.4937690198421478,cdr1a
ASN,32,C,GLN,153,OE1,0.457668274641037,cdr1a
ASN,32,C,GLN,153,NE2,0.4962422847747803,cdr1a
ASN,32,O,GLN,153,CG,0.5088635683059692,cdr1a
ASN,32,O,GLN,153,CD,0.4189092218875885,cdr1a
ASN,32,O,GLN,153,OE1,0.40938276052474976,cdr1a
ASN,32,O,GLN,153,NE2,0.40740907192230225,cdr1a
TYR,33,N,GLN,153,OE1,0.5809826850891113,cdr1a
ARG,52,CA,GLN,153,CD,0.5687661170959473,cdr2a
ARG,52,CA,GLN,153,NE2,0.4831814765930176,cdr2a
ARG,52,C,GLN,153,CD,0.5572630167007446,cdr2a
ARG,52,C,GLN,153,NE2,0.45412975549697876,cdr2a
ARG,52,O,GLN,153,NE2,0.5349313616752625,cdr2a
SER,53,N,GLN,153,CG,0.5901249647140503,cdr2a
SER,53,N,GLN,153,CD,0.4749598801136017,cdr2a
SER,53,N,GLN,153,OE1,0.502607524394989,cdr2a
SER,53,N,GLN,153,NE2,0.378944993019104,cdr2a
SER,53,CA,GLN,153,CD,0.5330948233604431,cdr2a
SER,53,CA,GLN,153,OE1,0.5440613031387329,cdr2a
SER,53,CA,GLN,153,NE2,0.43643561005592346,cdr2a
SER,53,C,GLN,153,CD,0.559331476688385,cdr2a
SER,53,C,GLN,153,OE1,0.5863683223724365,cdr2a
SER,53,C,GLN,153,NE2,0.4474259316921234,cdr2a
SER,53,O,GLN,153,NE2,0.5453176498413086,cdr2a
ASN,54,N,GLN,153,CD,0.5171687006950378,cdr2a
ASN,54,N,GLN,153,OE1,0.5692835450172424,cdr2a
ASN,54,N,GLN,153,NE2,0.3935624361038208,cdr2a
ASN,54,CA,GLN,153,CD,0.5980127453804016,cdr2a
ASN,54,CA,GLN,153,NE2,0.475443571805954,cdr2a
ASN,54,CA,ALA,156,CB,0.5707436800003052,cdr2a
MET,50,CA,VAL,74,CG1,0.5365685224533081,cdr2b
MET,50,CA,VAL,74,CG2,0.5956650972366333,cdr2b
MET,50,C,VAL,74,CG1,0.5079560279846191,cdr2b
MET,50,O,VAL,74,CG1,0.5066338181495667,cdr2b
MET,50,O,THR,80,OG1,0.5940019488334656,cdr2b
ASN,51,N,VAL,74,CG1,0.5388110280036926,cdr2b
ASN,51,CA,VAL,74,CG1,0.5749896764755249,cdr2b
VAL,54,CA,ARG,75,NH1,0.5897403955459595,cdr2b
THR,55,O,ARG,75,NH2,0.5856723189353943,cdr2b
