tcrRes,tcrNum,tcrName,mhcRes,mhcNum,mhcName,distance,loop
ASP,28,CA,LEU,161,CG,0.5928454995155334,cdr1a
ASP,28,CA,LEU,161,CD2,0.48462697863578796,cdr1a
ASP,28,C,LEU,161,CG,0.5688748955726624,cdr1a
ASP,28,C,LEU,161,CD2,0.4861963093280792,cdr1a
ASP,28,O,LEU,161,CD2,0.592872679233551,cdr1a
THR,29,N,LEU,161,CB,0.5953283905982971,cdr1a
THR,29,N,LEU,161,CG,0.4797486960887909,cdr1a
THR,29,N,LEU,161,CD1,0.5631886124610901,cdr1a
THR,29,N,LEU,161,CD2,0.403138130903244,cdr1a
THR,29,CA,LEU,161,CG,0.5337988138198853,cdr1a
THR,29,CA,LEU,161,CD2,0.48515719175338745,cdr1a
THR,29,C,LEU,161,CG,0.5203396677970886,cdr1a
THR,29,C,LEU,161,CD2,0.5141716003417969,cdr1a
THR,30,N,LEU,161,CB,0.5267235040664673,cdr1a
THR,30,N,LEU,161,CG,0.41800129413604736,cdr1a
THR,30,N,LEU,161,CD1,0.4848651587963104,cdr1a
THR,30,N,LEU,161,CD2,0.43760251998901367,cdr1a
THR,30,CA,ALA,156,CB,0.5863528251647949,cdr1a
THR,30,CA,LEU,161,CB,0.555888295173645,cdr1a
THR,30,CA,LEU,161,CG,0.45883965492248535,cdr1a
THR,30,CA,LEU,161,CD1,0.5000802278518677,cdr1a
THR,30,CA,LEU,161,CD2,0.5197933316230774,cdr1a
THR,30,C,LEU,161,CG,0.5443924069404602,cdr1a
THR,30,C,LEU,161,CD1,0.5484951734542847,cdr1a
THR,30,O,LEU,161,CG,0.5217072367668152,cdr1a
THR,30,O,LEU,161,CD1,0.49988821148872375,cdr1a
THR,30,O,LEU,161,CD2,0.5680673122406006,cdr1a
TYR,31,N,ALA,156,CB,0.587632954120636,cdr1a
TYR,31,O,ALA,156,CB,0.5515726804733276,cdr1a
ARG,49,N,ARG,149,NH1,0.590264618396759,cdr2a
ARG,49,CA,ARG,149,NH1,0.5713720321655273,cdr2a
ASN,51,CA,GLU,152,OE1,0.5710050463676453,cdr2a
ASN,51,CA,GLU,152,OE2,0.5795540809631348,cdr2a
ASN,51,CA,ALA,156,CB,0.5959800481796265,cdr2a
SER,52,N,ALA,156,CB,0.5415480732917786,cdr2a
PHE,53,N,ALA,156,CB,0.5841816663742065,cdr2a
TYR,50,C,GLN,70,OE1,0.5379515886306763,cdr2b
TYR,50,O,GLN,70,CD,0.5528813600540161,cdr2b
TYR,50,O,GLN,70,OE1,0.43208932876586914,cdr2b
ARG,51,CA,GLN,70,OE1,0.5876266360282898,cdr2b
ARG,51,C,GLN,70,OE1,0.5620045065879822,cdr2b
ARG,51,O,GLN,70,CD,0.5957983732223511,cdr2b
ARG,51,O,GLN,70,OE1,0.4947010576725006,cdr2b
ARG,51,O,ARG,75,NH1,0.5746861100196838,cdr2b
GLU,53,N,GLN,70,OE1,0.5271536111831665,cdr2b
GLU,53,CA,GLN,70,CD,0.5760588049888611,cdr2b
GLU,53,CA,GLN,70,OE1,0.4998978078365326,cdr2b
GLU,53,CA,GLN,70,NE2,0.5641130805015564,cdr2b
GLU,53,C,GLN,70,OE1,0.5440182685852051,cdr2b
GLU,53,O,GLN,70,OE1,0.5142874717712402,cdr2b
ASN,55,CA,THR,67,CG2,0.56734699010849,cdr2b
ASN,55,O,GLN,63,OE1,0.5878292918205261,cdr2b
ASN,55,O,THR,67,CG2,0.5345271825790405,cdr2b
