tcrRes,tcrNum,tcrName,mhcRes,mhcNum,mhcName,distance,loop
LEU,28,N,TRP,165,CZ2,0.5806009769439697,cdr1a
LEU,28,CA,TRP,165,CE2,0.5827913880348206,cdr1a
LEU,28,CA,TRP,165,CZ2,0.4869353771209717,cdr1a
LEU,28,CA,TRP,165,CH2,0.5461037755012512,cdr1a
LEU,28,C,TRP,165,NE1,0.4990389943122864,cdr1a
LEU,28,C,TRP,165,CE2,0.4965468943119049,cdr1a
LEU,28,C,TRP,165,CZ2,0.4179530739784241,cdr1a
LEU,28,C,TRP,165,CH2,0.5078705549240112,cdr1a
LEU,28,O,GLU,164,OE1,0.5892151594161987,cdr1a
LEU,28,O,TRP,165,CD1,0.5823671817779541,cdr1a
LEU,28,O,TRP,165,NE1,0.4604197144508362,cdr1a
LEU,28,O,TRP,165,CE2,0.48850464820861816,cdr1a
LEU,28,O,TRP,165,CZ2,0.44271281361579895,cdr1a
LEU,28,O,TRP,165,CH2,0.5526403784751892,cdr1a
GLY,29,N,TRP,165,NE1,0.4896867871284485,cdr1a
GLY,29,N,TRP,165,CE2,0.4761240780353546,cdr1a
GLY,29,N,TRP,165,CZ2,0.38506999611854553,cdr1a
GLY,29,N,TRP,165,CH2,0.4687928855419159,cdr1a
GLY,29,CA,THR,161,CG2,0.5772169232368469,cdr1a
GLY,29,CA,TRP,165,CD1,0.5553160309791565,cdr1a
GLY,29,CA,TRP,165,CD2,0.5717162489891052,cdr1a
GLY,29,CA,TRP,165,NE1,0.4263538420200348,cdr1a
GLY,29,CA,TRP,165,CE2,0.4358294606208801,cdr1a
GLY,29,CA,TRP,165,CZ2,0.37407469749450684,cdr1a
GLY,29,CA,TRP,165,CH2,0.4767804443836212,cdr1a
GLY,29,C,THR,161,CG2,0.5889049768447876,cdr1a
GLY,29,C,TRP,165,NE1,0.532079815864563,cdr1a
GLY,29,C,TRP,165,CE2,0.5639406442642212,cdr1a
GLY,29,C,TRP,165,CZ2,0.5176660418510437,cdr1a
GLY,29,O,LYS,66,NZ,0.559079647064209,cdr1a
GLY,29,O,THR,161,CG2,0.5582758188247681,cdr1a
GLY,29,O,TRP,165,NE1,0.5565428137779236,cdr1a
GLY,29,O,TRP,165,CE2,0.595906138420105,cdr1a
GLY,29,O,TRP,165,CZ2,0.5654028058052063,cdr1a
SER,30,O,THR,161,OG1,0.552327036857605,cdr1a
SER,30,O,THR,161,CG2,0.5856766104698181,cdr1a
GLN,31,CA,THR,161,OG1,0.535981297492981,cdr1a
TYR,51,CA,ALA,156,CB,0.5615839958190918,cdr2a
TYR,51,C,ALA,156,CB,0.47456562519073486,cdr2a
TYR,51,O,ALA,156,CB,0.3616521656513214,cdr2a
ARG,52,N,ALA,156,CB,0.5514938831329346,cdr2a
ARG,52,CA,ALA,156,CB,0.5323360562324524,cdr2a
ASN,30,CA,VAL,74,CG2,0.56160968542099,cdr1b
ASN,30,O,VAL,74,CG2,0.5518426895141602,cdr1b
