tcrRes,tcrNum,tcrName,mhcRes,mhcNum,mhcName,distance,loop
SER,29,O,TRP,165,CZ2,0.565272867679596,cdr1a
SER,31,N,THR,161,OG1,0.5791321396827698,cdr1a
SER,31,N,TRP,165,NE1,0.5806905627250671,cdr1a
SER,31,CA,THR,161,OG1,0.5095854997634888,cdr1a
SER,31,CA,TRP,165,NE1,0.5833942294120789,cdr1a
SER,31,C,THR,161,OG1,0.47090744972229004,cdr1a
SER,31,O,THR,161,OG1,0.4810464680194855,cdr1a
ASP,32,N,THR,161,OG1,0.4824565649032593,cdr1a
ASP,32,CA,THR,161,OG1,0.5081273913383484,cdr1a
TYR,55,N,ALA,156,CB,0.5881632566452026,cdr2a
TYR,55,CA,ALA,156,CB,0.4962005615234375,cdr2a
TYR,55,C,ALA,156,CB,0.5617905259132385,cdr2a
TYR,55,O,ALA,156,CB,0.5481180548667908,cdr2a
ASN,51,N,GLN,70,NE2,0.5482228398323059,cdr2b
ASN,51,CA,GLN,70,CG,0.5976136922836304,cdr2b
ASN,51,CA,GLN,70,CD,0.5724090337753296,cdr2b
ASN,51,CA,GLN,70,NE2,0.48907655477523804,cdr2b
ASN,51,C,GLN,70,CG,0.5633471012115479,cdr2b
ASN,51,C,GLN,70,CD,0.5119423270225525,cdr2b
ASN,51,C,GLN,70,OE1,0.5968689322471619,cdr2b
ASN,51,C,GLN,70,NE2,0.4040474593639374,cdr2b
ASN,51,O,GLN,70,CG,0.4875912368297577,cdr2b
ASN,51,O,GLN,70,CD,0.41234707832336426,cdr2b
ASN,51,O,GLN,70,OE1,0.4863351583480835,cdr2b
ASN,51,O,GLN,70,NE2,0.30262139439582825,cdr2b
ASN,51,O,VAL,74,CG2,0.558789849281311,cdr2b
ASN,52,N,GLN,70,NE2,0.4833638072013855,cdr2b
ASN,52,CA,GLN,70,NE2,0.4888532757759094,cdr2b
ASN,52,CA,VAL,74,CG2,0.54116290807724,cdr2b
ASN,52,C,GLN,70,NE2,0.5064505934715271,cdr2b
ASN,52,O,GLN,70,NE2,0.4776751697063446,cdr2b
ASN,52,O,VAL,74,CG2,0.5611161589622498,cdr2b
ASN,53,N,GLN,70,NE2,0.5984010696411133,cdr2b
VAL,54,N,GLN,70,NE2,0.5106491446495056,cdr2b
VAL,54,CA,GLN,70,CD,0.5642403364181519,cdr2b
VAL,54,CA,GLN,70,OE1,0.5527950525283813,cdr2b
VAL,54,CA,GLN,70,NE2,0.4992290735244751,cdr2b
VAL,54,CA,ARG,75,NH1,0.5647788643836975,cdr2b
VAL,54,C,GLN,70,NE2,0.5642646551132202,cdr2b
VAL,54,O,GLN,70,CD,0.587467610836029,cdr2b
VAL,54,O,GLN,70,OE1,0.5974030494689941,cdr2b
VAL,54,O,GLN,70,NE2,0.5383312106132507,cdr2b
