tcrRes,tcrNum,tcrName,mhcRes,mhcNum,mhcName,distance,loop
TYR,58,CA,GLN,70,CB,0.5999212265014648,cdr2b
TYR,58,CA,GLN,70,CG,0.5356435179710388,cdr2b
GLU,63,N,GLN,70,CG,0.5671853423118591,cdr2b
GLU,63,N,GLN,70,CD,0.594569742679596,cdr2b
GLU,63,N,GLN,70,NE2,0.5668948888778687,cdr2b
GLN,65,C,ARG,63,CG,0.5576187968254089,cdr2b
GLN,65,C,ARG,63,CD,0.5044935345649719,cdr2b
GLN,65,O,ARG,63,CB,0.5725884437561035,cdr2b
GLN,65,O,ARG,63,CG,0.4665317237377167,cdr2b
GLN,65,O,ARG,63,CD,0.4383637309074402,cdr2b
GLN,65,O,ARG,63,NE,0.5708458423614502,cdr2b
GLN,65,O,ARG,63,NH1,0.5894633531570435,cdr2b
GLN,66,N,ARG,63,CG,0.5654875040054321,cdr2b
GLN,66,N,ARG,63,CD,0.4803721606731415,cdr2b
GLN,66,N,ARG,63,NE,0.5854941606521606,cdr2b
GLN,66,CA,ARG,63,CB,0.5563357472419739,cdr2b
GLN,66,CA,ARG,63,CG,0.4693388044834137,cdr2b
GLN,66,CA,ARG,63,CD,0.36068305373191833,cdr2b
GLN,66,CA,ARG,63,NE,0.45120206475257874,cdr2b
GLN,66,CA,ARG,63,CZ,0.5187208652496338,cdr2b
GLN,66,CA,ARG,63,NH1,0.5194711685180664,cdr2b
GLN,66,C,ARG,63,CG,0.5544167160987854,cdr2b
GLN,66,C,ARG,63,CD,0.4197729229927063,cdr2b
GLN,66,C,ARG,63,NE,0.4655621647834778,cdr2b
GLN,66,C,ARG,63,CZ,0.507364809513092,cdr2b
GLN,66,C,ARG,63,NH1,0.5112549066543579,cdr2b
GLN,66,C,ARG,63,NH2,0.5914620161056519,cdr2b
GLN,66,O,ARG,63,CD,0.5257554650306702,cdr2b
GLN,66,O,ARG,63,NE,0.5619175434112549,cdr2b
