tcrRes,tcrNum,tcrName,mhcRes,mhcNum,mhcName,distance,loop
SER,29,N,GLU,56,CD,0.5558995008468628,cdr1a
SER,29,N,GLU,56,OE1,0.5004681348800659,cdr1a
SER,29,N,GLU,56,OE2,0.5708625912666321,cdr1a
SER,29,CA,GLU,56,CB,0.579214870929718,cdr1a
SER,29,CA,GLU,56,CG,0.588532030582428,cdr1a
SER,29,CA,GLU,56,CD,0.48916342854499817,cdr1a
SER,29,CA,GLU,56,OE1,0.40777522325515747,cdr1a
SER,29,CA,GLU,56,OE2,0.5265281796455383,cdr1a
SER,29,C,GLU,56,CB,0.5858281254768372,cdr1a
SER,29,C,GLU,56,CD,0.560091495513916,cdr1a
SER,29,C,GLU,56,OE1,0.4685611128807068,cdr1a
SER,29,O,GLU,56,CB,0.5606616735458374,cdr1a
SER,29,O,GLU,56,CD,0.56040358543396,cdr1a
SER,29,O,GLU,56,OE1,0.4539053440093994,cdr1a
GLU,30,N,GLU,56,OE1,0.5773752331733704,cdr1a
SER,31,N,TRP,165,NE1,0.5878362655639648,cdr1a
SER,31,N,TRP,165,CZ2,0.5968292951583862,cdr1a
SER,31,CA,TRP,165,NE1,0.51959627866745,cdr1a
SER,31,CA,TRP,165,CE2,0.5845161080360413,cdr1a
SER,31,CA,TRP,165,CZ2,0.5748196840286255,cdr1a
SER,31,C,THR,161,OG1,0.5739798545837402,cdr1a
SER,31,C,THR,161,CG2,0.5985093116760254,cdr1a
SER,31,O,THR,161,OG1,0.5892451405525208,cdr1a
ASP,32,N,THR,161,OG1,0.5503966808319092,cdr1a
ASP,32,N,THR,161,CG2,0.5773822665214539,cdr1a
ASP,32,CA,THR,161,OG1,0.5320252776145935,cdr1a
ASP,32,O,LYS,66,NZ,0.5998881459236145,cdr1a
TYR,55,CA,ALA,156,CB,0.500091552734375,cdr2a
TYR,55,CA,THR,161,OG1,0.5773755311965942,cdr2a
TYR,55,C,ALA,156,CB,0.5092533230781555,cdr2a
TYR,55,O,ALA,156,CB,0.5180978775024414,cdr2a
LYS,56,N,ALA,156,CB,0.5594844222068787,cdr2a
ASN,51,O,VAL,74,CG2,0.5801677703857422,cdr2b
ASN,52,CA,VAL,74,CG2,0.5776014924049377,cdr2b
PRO,55,O,GLN,70,NE2,0.5904322862625122,cdr2b
