tcrRes,tcrNum,tcrName,mhcRes,mhcNum,mhcName,distance,loop
GLN,31,C,ALA,156,CB,0.5938354730606079,cdr1a
GLN,31,O,ALA,156,CB,0.48351263999938965,cdr1a
TYR,51,N,ALA,156,CB,0.5431651473045349,cdr2a
TYR,51,CA,ALA,156,CB,0.43360278010368347,cdr2a
TYR,51,C,ALA,156,CB,0.3878726065158844,cdr2a
TYR,51,O,ALA,156,CB,0.35344868898391724,cdr2a
SER,52,N,GLU,152,OE1,0.5637488961219788,cdr2a
SER,52,N,ARG,157,NH1,0.5719215869903564,cdr2a
SER,52,N,ALA,156,CB,0.44735774397850037,cdr2a
SER,52,CA,GLU,152,OE1,0.5533623695373535,cdr2a
SER,52,CA,ARG,157,NE,0.5771177411079407,cdr2a
SER,52,CA,ARG,157,CZ,0.5726291537284851,cdr2a
SER,52,CA,ARG,157,NH1,0.49876120686531067,cdr2a
SER,52,CA,ALA,156,CB,0.4769819378852844,cdr2a
SER,52,CA,GLU,161,OE1,0.5675770044326782,cdr2a
SER,52,C,ARG,157,NH1,0.5512714982032776,cdr2a
SER,52,O,ARG,157,NH1,0.5880907773971558,cdr2a
ASN,53,N,GLU,161,OE1,0.5601789355278015,cdr2a
GLY,54,N,ARG,157,NH1,0.5550987720489502,cdr2a
GLY,54,CA,ARG,157,NH1,0.5695978403091431,cdr2a
GLY,54,O,ARG,157,NH1,0.5758469700813293,cdr2a
