tcrRes,tcrNum,tcrName,mhcRes,mhcNum,mhcName,distance,loop
LYS,59,N,MET,138,SD,0.5489125847816467,cdr2a
LYS,59,N,MET,138,CE,0.5876115560531616,cdr2a
LYS,59,CA,MET,138,SD,0.4756181538105011,cdr2a
LYS,59,CA,MET,138,CE,0.5564639568328857,cdr2a
LYS,59,C,MET,138,CG,0.5421959161758423,cdr2a
LYS,59,C,MET,138,SD,0.37675702571868896,cdr2a
LYS,59,C,MET,138,CE,0.46069759130477905,cdr2a
LYS,59,O,MET,138,CB,0.5689267516136169,cdr2a
LYS,59,O,MET,138,CG,0.5024657845497131,cdr2a
LYS,59,O,MET,138,SD,0.3258597254753113,cdr2a
LYS,59,O,MET,138,CE,0.36727458238601685,cdr2a
