tcrRes,tcrNum,tcrName,mhcRes,mhcNum,mhcName,distance,loop
LYS,59,N,MET,138,SD,0.5215040445327759,cdr2a
LYS,59,N,MET,138,CE,0.5443496108055115,cdr2a
LYS,59,CA,MET,138,CG,0.5865183472633362,cdr2a
LYS,59,CA,MET,138,SD,0.43277767300605774,cdr2a
LYS,59,CA,MET,138,CE,0.4638121426105499,cdr2a
LYS,59,C,MET,138,CG,0.4931718707084656,cdr2a
LYS,59,C,MET,138,SD,0.34836122393608093,cdr2a
LYS,59,C,MET,138,CE,0.43634033203125,cdr2a
LYS,59,O,MET,138,CB,0.59062659740448,cdr2a
LYS,59,O,MET,138,CG,0.48021242022514343,cdr2a
LYS,59,O,MET,138,SD,0.3246241509914398,cdr2a
LYS,59,O,MET,138,CE,0.4302440285682678,cdr2a
