tcrRes,tcrNum,tcrName,mhcRes,mhcNum,mhcName,distance,loop
ASN,29,N,GLU,161,OE1,0.594240128993988,cdr1a
ASN,29,CA,GLU,161,OE1,0.5187695026397705,cdr1a
ASN,29,C,GLU,161,OE1,0.5331952571868896,cdr1a
ASN,29,O,GLU,161,OE1,0.592879593372345,cdr1a
PHE,36,N,GLU,161,OE1,0.5256490111351013,cdr1a
PHE,36,CA,GLU,161,OE1,0.5921856760978699,cdr1a
PHE,36,C,GLU,161,OE1,0.5255234241485596,cdr1a
PHE,36,O,GLU,161,CB,0.5948232412338257,cdr1a
PHE,36,O,GLU,161,CD,0.5104197263717651,cdr1a
PHE,36,O,GLU,161,OE1,0.4206432104110718,cdr1a
PHE,36,O,GLU,161,OE2,0.550639808177948,cdr1a
TYR,37,O,GLN,153,CB,0.5814083218574524,cdr1a
TYR,37,O,ALA,156,CB,0.5391302108764648,cdr1a
MET,56,N,GLU,152,OE1,0.5978845953941345,cdr2a
MET,56,CA,GLU,152,OE1,0.5258928537368774,cdr2a
MET,56,C,GLU,152,OE1,0.5699871778488159,cdr2a
THR,57,N,GLU,152,CB,0.5778765082359314,cdr2a
THR,57,N,GLU,152,OE1,0.500310480594635,cdr2a
THR,57,N,ALA,156,CB,0.5720187425613403,cdr2a
THR,57,CA,GLU,152,CB,0.5987640619277954,cdr2a
THR,57,CA,GLU,152,OE1,0.5871994495391846,cdr2a
THR,57,CA,GLN,153,CB,0.5604047775268555,cdr2a
THR,57,CA,ALA,156,CB,0.44860270619392395,cdr2a
THR,57,C,ALA,156,CB,0.3764480948448181,cdr2a
THR,57,O,ALA,156,CB,0.3312631845474243,cdr2a
LEU,58,N,GLU,152,CB,0.5723401308059692,cdr2a
LEU,58,N,GLU,152,OE1,0.5367488265037537,cdr2a
LEU,58,N,ALA,156,CB,0.4269821047782898,cdr2a
LEU,58,CA,ALA,156,CB,0.4415035545825958,cdr2a
LEU,58,C,ALA,156,CB,0.5699232220649719,cdr2a
ASN,59,N,ALA,156,CB,0.5976073145866394,cdr2a
