tcrRes,tcrNum,tcrName,mhcRes,mhcNum,mhcName,distance,loop
ALA,29,N,ARG,63,NH1,0.533618152141571,cdr1a
ALA,29,CA,ARG,63,NE,0.5907605886459351,cdr1a
ALA,29,CA,ARG,63,CZ,0.5073546171188354,cdr1a
ALA,29,CA,ARG,63,NH1,0.44820672273635864,cdr1a
ALA,29,CA,ARG,63,NH2,0.5236883163452148,cdr1a
ALA,29,C,ARG,63,CZ,0.5865978002548218,cdr1a
ALA,29,C,ARG,63,NH1,0.5495374202728271,cdr1a
ALA,29,C,ARG,63,NH2,0.5699706077575684,cdr1a
ALA,29,O,ARG,63,CZ,0.556095540523529,cdr1a
ALA,29,O,ARG,63,NH1,0.5339555740356445,cdr1a
ALA,29,O,ARG,63,NH2,0.5134106278419495,cdr1a
GLN,31,CA,GLN,153,NE2,0.5970971584320068,cdr1a
GLN,31,C,GLN,153,NE2,0.5684711933135986,cdr1a
GLN,31,O,GLN,153,NE2,0.5167984366416931,cdr1a
TYR,51,CA,GLN,153,CG,0.5294944047927856,cdr2a
TYR,51,CA,GLN,153,CD,0.5236063599586487,cdr2a
TYR,51,CA,GLN,153,OE1,0.5723176598548889,cdr2a
TYR,51,CA,GLN,153,NE2,0.5132060647010803,cdr2a
TYR,51,C,GLN,153,CG,0.5381459593772888,cdr2a
TYR,51,C,GLN,153,CD,0.5652397274971008,cdr2a
TYR,51,C,GLN,153,NE2,0.5489039421081543,cdr2a
TYR,51,O,GLN,153,CB,0.5957450270652771,cdr2a
TYR,51,O,GLN,153,CG,0.535935640335083,cdr2a
TYR,51,O,GLN,153,CD,0.5615687966346741,cdr2a
TYR,51,O,GLN,153,NE2,0.5217181444168091,cdr2a
SER,52,N,GLN,153,CG,0.5970674753189087,cdr2a
SER,52,CA,ALA,156,CB,0.5927115678787231,cdr2a
