tcrRes,tcrNum,tcrName,mhcRes,mhcNum,mhcName,distance,loop
GLN,31,CA,GLN,153,OE1,0.5853065252304077,cdr1a
GLN,31,C,GLN,153,OE1,0.49855300784111023,cdr1a
GLN,31,O,GLN,153,CG,0.5767539143562317,cdr1a
GLN,31,O,GLN,153,CD,0.5208990573883057,cdr1a
GLN,31,O,GLN,153,OE1,0.4098776876926422,cdr1a
SER,32,N,GLN,153,OE1,0.5558173060417175,cdr1a
SER,32,CA,GLN,153,OE1,0.519138753414154,cdr1a
TYR,51,N,GLU,152,OE1,0.5667192339897156,cdr2a
TYR,51,N,GLU,152,OE2,0.5883709192276001,cdr2a
TYR,51,CA,GLU,152,CD,0.49067285656929016,cdr2a
TYR,51,CA,GLU,152,OE1,0.4345577657222748,cdr2a
TYR,51,CA,GLU,152,OE2,0.48930245637893677,cdr2a
TYR,51,C,GLU,152,CD,0.48980358242988586,cdr2a
TYR,51,C,GLU,152,OE1,0.403313010931015,cdr2a
TYR,51,C,GLU,152,OE2,0.5063594579696655,cdr2a
TYR,51,O,GLU,152,CD,0.557967483997345,cdr2a
TYR,51,O,GLU,152,OE1,0.47369006276130676,cdr2a
TYR,51,O,GLU,152,OE2,0.559044599533081,cdr2a
SER,52,N,GLU,152,CG,0.5691227912902832,cdr2a
SER,52,N,GLU,152,CD,0.4572266638278961,cdr2a
SER,52,N,GLU,152,OE1,0.3496759533882141,cdr2a
SER,52,N,GLU,152,OE2,0.5076589584350586,cdr2a
SER,52,CA,GLU,152,CD,0.5060771703720093,cdr2a
SER,52,CA,GLU,152,OE1,0.383378803730011,cdr2a
SER,52,CA,GLU,152,OE2,0.57087242603302,cdr2a
SER,52,C,GLU,152,CD,0.48588627576828003,cdr2a
SER,52,C,GLU,152,OE1,0.37111830711364746,cdr2a
SER,52,C,GLU,152,OE2,0.5351575613021851,cdr2a
SER,52,O,GLU,152,CD,0.5914263129234314,cdr2a
SER,52,O,GLU,152,OE1,0.4799230098724365,cdr2a
SER,53,N,GLU,152,CG,0.5073756575584412,cdr2a
SER,53,N,GLU,152,CD,0.3805815577507019,cdr2a
SER,53,N,GLU,152,OE1,0.28181782364845276,cdr2a
SER,53,N,GLU,152,OE2,0.41535645723342896,cdr2a
SER,53,CA,GLU,152,CG,0.5576569437980652,cdr2a
SER,53,CA,GLU,152,CD,0.4308255910873413,cdr2a
SER,53,CA,GLU,152,OE1,0.3631773293018341,cdr2a
SER,53,CA,GLU,152,OE2,0.43717166781425476,cdr2a
SER,53,C,GLU,152,CD,0.5187623500823975,cdr2a
SER,53,C,GLU,152,OE1,0.4621705412864685,cdr2a
SER,53,C,GLU,152,OE2,0.49453842639923096,cdr2a
SER,53,O,HIS,149,CD2,0.5495617389678955,cdr2a
SER,53,O,HIS,149,NE2,0.5294592976570129,cdr2a
SER,53,O,GLU,152,CD,0.4990110397338867,cdr2a
SER,53,O,GLU,152,OE1,0.46387526392936707,cdr2a
SER,53,O,GLU,152,OE2,0.4483344256877899,cdr2a
GLY,54,N,GLU,152,OE1,0.5778898596763611,cdr2a
ASN,55,CA,HIS,149,NE2,0.5718623399734497,cdr2a
ASN,30,CA,ARG,75,NH2,0.5374559164047241,cdr1b
ALA,50,O,ARG,75,NH1,0.5998241305351257,cdr2b
SER,51,CA,ARG,75,NH1,0.5289115309715271,cdr2b
GLU,52,N,ARG,75,NH1,0.5791173577308655,cdr2b
