tcrRes,tcrNum,tcrName,mhcRes,mhcNum,mhcName,distance,loop
SER,28,N,ARG,63,NH2,0.5862317681312561,cdr1a
SER,28,CA,ARG,63,CD,0.5790528655052185,cdr1a
SER,28,CA,ARG,63,NE,0.5539572834968567,cdr1a
SER,28,CA,ARG,63,CZ,0.5141932964324951,cdr1a
SER,28,CA,ARG,63,NH1,0.5499697923660278,cdr1a
SER,28,CA,ARG,63,NH2,0.48528340458869934,cdr1a
SER,28,C,ARG,63,CZ,0.5452939867973328,cdr1a
SER,28,C,ARG,63,NH1,0.5942571759223938,cdr1a
SER,28,C,ARG,63,NH2,0.47874894738197327,cdr1a
SER,28,O,ARG,63,CD,0.581720769405365,cdr1a
SER,28,O,ARG,63,NE,0.5622586607933044,cdr1a
SER,28,O,ARG,63,CZ,0.48591241240501404,cdr1a
SER,28,O,ARG,63,NH1,0.5336768627166748,cdr1a
SER,28,O,ARG,63,NH2,0.40134790539741516,cdr1a
GLU,29,N,ARG,63,NH2,0.5940442681312561,cdr1a
ASN,30,C,GLN,153,OE1,0.5735670328140259,cdr1a
ASN,30,O,GLN,153,OE1,0.5887566804885864,cdr1a
ASN,31,N,GLN,153,OE1,0.5167927742004395,cdr1a
ASN,31,CA,GLN,153,CD,0.5816121697425842,cdr1a
ASN,31,CA,GLN,153,OE1,0.4688262939453125,cdr1a
ASN,31,C,GLN,153,OE1,0.5722763538360596,cdr1a
TYR,50,CA,VAL,74,CG1,0.5522726774215698,cdr2b
TYR,50,CA,VAL,74,CG2,0.5969483256340027,cdr2b
TYR,50,C,VAL,74,CG1,0.5514875650405884,cdr2b
TYR,50,O,VAL,74,CG1,0.4817256033420563,cdr2b
TYR,50,O,THR,80,OG1,0.5257189273834229,cdr2b
VAL,52,O,ARG,80,NH2,0.589975893497467,cdr2b
THR,55,C,ARG,75,NH1,0.5926100015640259,cdr2b
THR,55,O,ARG,75,CZ,0.5892359018325806,cdr2b
THR,55,O,ARG,75,NH1,0.547052264213562,cdr2b
THR,55,O,ARG,75,NH2,0.5446175336837769,cdr2b
