tcrRes,tcrNum,tcrName,mhcRes,mhcNum,mhcName,distance,loop
ASP,26,CG,GLU,56,CA,0.5618454217910767,cdr1a
ASP,26,CG,GLU,56,C,0.5578616857528687,cdr1a
ASP,26,CG,GLU,56,O,0.5205762386322021,cdr1a
ASP,26,OD1,GLU,56,CA,0.5920159220695496,cdr1a
ASP,26,OD1,GLU,56,C,0.5570212602615356,cdr1a
ASP,26,OD1,GLU,56,O,0.5140239596366882,cdr1a
ASP,26,OD2,GLU,56,CA,0.46571776270866394,cdr1a
ASP,26,OD2,GLU,56,C,0.4765884280204773,cdr1a
ASP,26,OD2,GLU,56,O,0.4380688965320587,cdr1a
ASP,26,OD2,TYR,59,N,0.5769191980361938,cdr1a
GLN,30,OE1,TYR,159,CA,0.5499792098999023,cdr1a
TYR,50,CB,ALA,156,CA,0.5520161390304565,cdr2a
TYR,50,CD2,GLU,152,C,0.5981893539428711,cdr2a
TYR,50,CD2,GLU,152,O,0.5508393049240112,cdr2a
SER,51,CB,ALA,156,CA,0.5371809601783752,cdr2a
SER,51,CB,ALA,156,C,0.5869082808494568,cdr2a
SER,51,CB,ALA,156,O,0.5453293323516846,cdr2a
SER,51,OG,ALA,156,N,0.538853108882904,cdr2a
SER,51,OG,ALA,156,CA,0.4269573390483856,cdr2a
SER,51,OG,ALA,156,C,0.5046061277389526,cdr2a
SER,51,OG,ALA,156,O,0.48889055848121643,cdr2a
ASN,52,ND2,GLY,160,CA,0.5967276096343994,cdr2a
