tcrRes,tcrNum,tcrName,mhcRes,mhcNum,mhcName,distance,loop
ASP,26,CG,GLU,56,CA,0.5762101411819458,cdr1a
ASP,26,CG,GLU,56,C,0.5717152953147888,cdr1a
ASP,26,CG,GLU,56,O,0.5513576865196228,cdr1a
ASP,26,OD1,GLU,56,CA,0.5724303126335144,cdr1a
ASP,26,OD1,GLU,56,C,0.5445809960365295,cdr1a
ASP,26,OD1,GLU,56,O,0.5313929915428162,cdr1a
ASP,26,OD1,TYR,59,N,0.5863048434257507,cdr1a
ASP,26,OD2,GLU,56,CA,0.5268891453742981,cdr1a
ASP,26,OD2,GLU,56,C,0.5250963568687439,cdr1a
ASP,26,OD2,GLU,56,O,0.4874843955039978,cdr1a
GLN,30,OE1,TYR,159,N,0.5787420868873596,cdr1a
GLN,30,OE1,TYR,159,CA,0.4955463111400604,cdr1a
GLN,30,OE1,TYR,159,C,0.5997164845466614,cdr1a
GLN,30,OE1,THR,161,N,0.5940205454826355,cdr1a
GLN,30,OE1,THR,161,CA,0.5261709690093994,cdr1a
GLN,30,OE1,THR,161,C,0.5931352972984314,cdr1a
TYR,50,CB,GLU,152,O,0.58573317527771,cdr2a
TYR,50,CB,ALA,156,CA,0.538957953453064,cdr2a
TYR,50,CG,GLU,152,O,0.5976490378379822,cdr2a
TYR,50,CD2,GLU,152,C,0.5906161665916443,cdr2a
TYR,50,CD2,GLU,152,O,0.5349588394165039,cdr2a
TYR,50,CE2,GLU,152,O,0.593123733997345,cdr2a
SER,51,CB,ALA,156,CA,0.47942519187927246,cdr2a
SER,51,CB,ALA,156,C,0.522727370262146,cdr2a
SER,51,CB,ALA,156,O,0.47517117857933044,cdr2a
SER,51,CB,GLY,160,CA,0.5957008004188538,cdr2a
SER,51,OG,ALA,156,CA,0.5111010074615479,cdr2a
SER,51,OG,ALA,156,C,0.5894659757614136,cdr2a
SER,51,OG,ALA,156,O,0.5657497048377991,cdr2a
