tcrRes,tcrNum,tcrName,mhcRes,mhcNum,mhcName,distance,loop
ASP,26,CG,GLU,56,CA,0.5660544037818909,cdr1a
ASP,26,CG,GLU,56,C,0.5653714537620544,cdr1a
ASP,26,CG,GLU,56,O,0.5416404008865356,cdr1a
ASP,26,OD1,GLU,56,CA,0.5793165564537048,cdr1a
ASP,26,OD1,GLU,56,C,0.5510457754135132,cdr1a
ASP,26,OD1,GLU,56,O,0.5289646983146667,cdr1a
ASP,26,OD2,GLU,56,CA,0.4911882281303406,cdr1a
ASP,26,OD2,GLU,56,C,0.4991436302661896,cdr1a
ASP,26,OD2,GLU,56,O,0.4648655354976654,cdr1a
ASP,26,OD2,TYR,59,N,0.5918940305709839,cdr1a
GLN,30,OE1,TYR,159,CA,0.5494765043258667,cdr1a
TYR,50,CB,ALA,156,CA,0.5655252933502197,cdr2a
TYR,50,CD2,GLN,153,CA,0.5972511172294617,cdr2a
SER,51,CB,ALA,156,CA,0.48585888743400574,cdr2a
SER,51,CB,ALA,156,C,0.5398826003074646,cdr2a
SER,51,CB,ALA,156,O,0.5077604651451111,cdr2a
SER,51,OG,ARG,157,C,0.5788193941116333,cdr2a
SER,51,OG,ARG,157,O,0.5858333706855774,cdr2a
SER,51,OG,ALA,156,N,0.48873114585876465,cdr2a
SER,51,OG,ALA,156,CA,0.3694418966770172,cdr2a
SER,51,OG,ALA,156,C,0.44714322686195374,cdr2a
SER,51,OG,ALA,156,O,0.44438135623931885,cdr2a
SER,51,OG,TYR,159,N,0.5581756830215454,cdr2a
