tcrRes,tcrNum,tcrName,mhcRes,mhcNum,mhcName,distance,loop
ASP,26,CG,GLU,56,CA,0.5225328207015991,cdr1a
ASP,26,CG,GLU,56,C,0.5214254260063171,cdr1a
ASP,26,CG,GLU,56,O,0.49810394644737244,cdr1a
ASP,26,CG,TYR,59,N,0.5949215888977051,cdr1a
ASP,26,OD1,GLU,56,CA,0.5495133399963379,cdr1a
ASP,26,OD1,GLU,56,C,0.5183071494102478,cdr1a
ASP,26,OD1,GLU,56,O,0.49460160732269287,cdr1a
ASP,26,OD1,TYR,59,N,0.5689457654953003,cdr1a
ASP,26,OD1,TYR,59,CA,0.599347710609436,cdr1a
ASP,26,OD2,GLU,56,N,0.5781859159469604,cdr1a
ASP,26,OD2,GLU,56,CA,0.4376949965953827,cdr1a
ASP,26,OD2,GLU,56,C,0.4475768804550171,cdr1a
ASP,26,OD2,GLU,56,O,0.4165075421333313,cdr1a
ASP,26,OD2,TYR,59,N,0.5420818328857422,cdr1a
GLN,30,OE1,TYR,159,CA,0.5593740344047546,cdr1a
TYR,50,CB,GLN,153,CA,0.5986388325691223,cdr2a
TYR,50,CB,ALA,156,CA,0.5559853315353394,cdr2a
TYR,50,CD2,GLU,152,O,0.5735145211219788,cdr2a
TYR,50,CD2,GLN,153,CA,0.5820503234863281,cdr2a
SER,51,CB,ALA,156,CA,0.5050614476203918,cdr2a
SER,51,CB,ALA,156,C,0.5489596128463745,cdr2a
SER,51,CB,ALA,156,O,0.49942445755004883,cdr2a
SER,51,CB,GLY,160,CA,0.5995334386825562,cdr2a
SER,51,OG,ARG,157,C,0.5668347477912903,cdr2a
SER,51,OG,ARG,157,O,0.5513190627098083,cdr2a
SER,51,OG,ALA,156,N,0.4931764602661133,cdr2a
SER,51,OG,ALA,156,CA,0.364729642868042,cdr2a
SER,51,OG,ALA,156,C,0.41982728242874146,cdr2a
SER,51,OG,ALA,156,O,0.3856889009475708,cdr2a
SER,51,OG,TYR,159,N,0.5456206798553467,cdr2a
SER,51,OG,GLY,160,N,0.5510799884796143,cdr2a
SER,51,OG,GLY,160,CA,0.5483604073524475,cdr2a
ASN,52,ND2,GLY,160,CA,0.5602647662162781,cdr2a
ASN,52,ND2,GLY,160,C,0.586556613445282,cdr2a
