tcrRes,tcrNum,tcrName,mhcRes,mhcNum,mhcName,distance,loop
ASP,26,CG,GLU,56,O,0.5959082245826721,cdr1a
ASP,26,OD1,GLU,56,C,0.5851234793663025,cdr1a
ASP,26,OD1,GLU,56,O,0.556753396987915,cdr1a
ASP,26,OD2,GLU,56,C,0.5912607908248901,cdr1a
ASP,26,OD2,GLU,56,O,0.540651798248291,cdr1a
GLN,30,CG,THR,161,CA,0.5977153182029724,cdr1a
GLN,30,OE1,TYR,159,CA,0.5592563152313232,cdr1a
TYR,50,CB,ALA,156,CA,0.5218831300735474,cdr2a
TYR,50,CB,ALA,156,C,0.5863969922065735,cdr2a
TYR,50,CD2,GLU,152,O,0.5890673995018005,cdr2a
SER,51,CB,ALA,156,CA,0.5171777606010437,cdr2a
SER,51,CB,ALA,156,C,0.5770532488822937,cdr2a
SER,51,CB,ALA,156,O,0.533622145652771,cdr2a
SER,51,OG,ARG,157,C,0.5895596146583557,cdr2a
SER,51,OG,ARG,157,O,0.5895422697067261,cdr2a
SER,51,OG,ALA,156,N,0.5121498107910156,cdr2a
SER,51,OG,ALA,156,CA,0.4096928536891937,cdr2a
SER,51,OG,ALA,156,C,0.49613723158836365,cdr2a
SER,51,OG,ALA,156,O,0.48092523217201233,cdr2a
