tcrRes,tcrNum,tcrName,mhcRes,mhcNum,mhcName,distance,loop
ASP,26,OD1,GLU,56,C,0.5955684781074524,cdr1a
ASP,26,OD1,GLU,56,O,0.5900123119354248,cdr1a
ASP,26,OD2,GLU,56,O,0.5786623954772949,cdr1a
GLN,30,CG,THR,161,CA,0.5912467837333679,cdr1a
GLN,30,OE1,TYR,159,CA,0.5882194638252258,cdr1a
TYR,50,CB,GLU,152,O,0.5831536650657654,cdr2a
TYR,50,CB,ALA,156,CA,0.5337808132171631,cdr2a
TYR,50,CD2,GLU,152,O,0.5789868831634521,cdr2a
SER,51,CB,ALA,156,N,0.5799348950386047,cdr2a
SER,51,CB,ALA,156,CA,0.4514618515968323,cdr2a
SER,51,CB,ALA,156,C,0.48386046290397644,cdr2a
SER,51,CB,ALA,156,O,0.42336827516555786,cdr2a
SER,51,CB,GLY,160,N,0.5695509910583496,cdr2a
SER,51,CB,GLY,160,CA,0.5216054320335388,cdr2a
SER,51,OG,ARG,157,C,0.5990658402442932,cdr2a
SER,51,OG,ARG,157,O,0.5866581201553345,cdr2a
SER,51,OG,ALA,156,N,0.5350598096847534,cdr2a
SER,51,OG,ALA,156,CA,0.4282679557800293,cdr2a
SER,51,OG,ALA,156,C,0.5027776956558228,cdr2a
SER,51,OG,ALA,156,O,0.47211918234825134,cdr2a
