tcrRes,tcrNum,tcrName,mhcRes,mhcNum,mhcName,distance,loop
ASP,26,CG,GLU,56,C,0.5831614136695862,cdr1a
ASP,26,CG,GLU,56,O,0.545102059841156,cdr1a
ASP,26,OD1,GLU,56,CA,0.5440653562545776,cdr1a
ASP,26,OD1,GLU,56,C,0.5141932368278503,cdr1a
ASP,26,OD1,GLU,56,O,0.49441012740135193,cdr1a
ASP,26,OD1,TYR,59,N,0.5671420097351074,cdr1a
ASP,26,OD2,GLU,56,CA,0.5936660766601562,cdr1a
ASP,26,OD2,GLU,56,C,0.5645706653594971,cdr1a
ASP,26,OD2,GLU,56,O,0.5038359761238098,cdr1a
GLN,30,CG,THR,161,CA,0.5919671654701233,cdr1a
GLN,30,OE1,TYR,159,CA,0.5767502784729004,cdr1a
TYR,50,CB,GLU,152,O,0.5900883674621582,cdr2a
TYR,50,CB,ALA,156,CA,0.5724149942398071,cdr2a
TYR,50,CD2,GLU,152,O,0.5972352623939514,cdr2a
SER,51,CB,ALA,156,N,0.5859559774398804,cdr2a
SER,51,CB,ALA,156,CA,0.45718812942504883,cdr2a
SER,51,CB,ALA,156,C,0.4892720580101013,cdr2a
SER,51,CB,ALA,156,O,0.4340311586856842,cdr2a
SER,51,CB,GLY,160,CA,0.5613131523132324,cdr2a
SER,51,OG,ALA,156,N,0.5650396943092346,cdr2a
SER,51,OG,ALA,156,CA,0.456392377614975,cdr2a
SER,51,OG,ALA,156,C,0.5294718146324158,cdr2a
SER,51,OG,ALA,156,O,0.5017492175102234,cdr2a
