tcrRes,tcrNum,tcrName,mhcRes,mhcNum,mhcName,distance,loop
ASP,26,CG,GLU,56,CA,0.5803843140602112,cdr1a
ASP,26,CG,GLU,56,C,0.5579367280006409,cdr1a
ASP,26,CG,GLU,56,O,0.52570641040802,cdr1a
ASP,26,OD1,GLU,56,CA,0.560248613357544,cdr1a
ASP,26,OD1,GLU,56,C,0.5150282382965088,cdr1a
ASP,26,OD1,GLU,56,O,0.49195998907089233,cdr1a
ASP,26,OD1,TYR,59,N,0.5562548041343689,cdr1a
ASP,26,OD1,TYR,59,CA,0.5915732979774475,cdr1a
ASP,26,OD2,GLU,56,CA,0.5380107760429382,cdr1a
ASP,26,OD2,GLU,56,C,0.5190415978431702,cdr1a
ASP,26,OD2,GLU,56,O,0.4686988592147827,cdr1a
ASP,26,OD2,GLY,60,CA,0.5996052622795105,cdr1a
TYR,50,CB,GLU,152,C,0.574905514717102,cdr2a
TYR,50,CB,GLU,152,O,0.5097935199737549,cdr2a
TYR,50,CB,GLN,153,CA,0.5979862809181213,cdr2a
TYR,50,CB,ALA,156,CA,0.5309336185455322,cdr2a
TYR,50,CG,GLU,152,C,0.5849727392196655,cdr2a
TYR,50,CG,GLU,152,O,0.5495564937591553,cdr2a
TYR,50,CG,GLN,153,CA,0.5931718349456787,cdr2a
TYR,50,CD2,GLU,152,CA,0.5859947800636292,cdr2a
TYR,50,CD2,GLU,152,C,0.5588722825050354,cdr2a
TYR,50,CD2,GLU,152,O,0.5442347526550293,cdr2a
SER,51,CB,ARG,157,C,0.5931552052497864,cdr2a
SER,51,CB,ARG,157,O,0.5989335179328918,cdr2a
SER,51,CB,ALA,156,N,0.5352655053138733,cdr2a
SER,51,CB,ALA,156,CA,0.4523887634277344,cdr2a
SER,51,CB,ALA,156,C,0.542708158493042,cdr2a
SER,51,CB,ALA,156,O,0.5203603506088257,cdr2a
SER,51,CB,GLY,160,CA,0.590169370174408,cdr2a
SER,51,OG,GLU,152,C,0.593385636806488,cdr2a
SER,51,OG,GLU,152,O,0.4889075756072998,cdr2a
SER,51,OG,ARG,157,C,0.5379778742790222,cdr2a
SER,51,OG,ARG,157,O,0.5714446902275085,cdr2a
SER,51,OG,ALA,156,N,0.46875208616256714,cdr2a
SER,51,OG,ALA,156,CA,0.41211917996406555,cdr2a
SER,51,OG,ALA,156,C,0.5325173735618591,cdr2a
SER,51,OG,ALA,156,O,0.5423720479011536,cdr2a
