tcrRes,tcrNum,tcrName,mhcRes,mhcNum,mhcName,distance,loop
ARG,31,NH1,GLN,153,CA,0.5645799040794373,cdr1a
ARG,31,NH1,GLN,153,C,0.599664568901062,cdr1a
ARG,31,NH1,GLN,153,O,0.5897993445396423,cdr1a
GLU,60,CD,GLN,70,C,0.5931423306465149,cdr2b
GLU,60,CD,GLN,70,O,0.5446632504463196,cdr2b
GLU,60,OE1,GLN,70,O,0.5855565667152405,cdr2b
GLU,60,OE2,GLN,70,CA,0.5044070482254028,cdr2b
GLU,60,OE2,GLN,70,C,0.48231756687164307,cdr2b
GLU,60,OE2,GLN,70,O,0.43127989768981934,cdr2b
GLU,60,OE2,THR,73,N,0.5642026662826538,cdr2b
GLU,60,OE2,THR,73,CA,0.5968928933143616,cdr2b
ARG,66,NE,THR,67,CA,0.5872199535369873,cdr2b
ARG,66,NE,THR,67,O,0.5701243877410889,cdr2b
ARG,66,CZ,THR,67,O,0.5570098757743835,cdr2b
ARG,66,CZ,GLN,70,CA,0.5698467493057251,cdr2b
ARG,66,CZ,GLN,70,C,0.5479730367660522,cdr2b
ARG,66,CZ,GLN,70,O,0.5771102905273438,cdr2b
ARG,66,CZ,THR,73,N,0.5418704748153687,cdr2b
ARG,66,CZ,THR,73,CA,0.5604194402694702,cdr2b
ARG,66,NH1,THR,67,O,0.5984230637550354,cdr2b
ARG,66,NH1,GLN,70,C,0.5659295916557312,cdr2b
ARG,66,NH1,GLN,70,O,0.5806888937950134,cdr2b
ARG,66,NH1,THR,73,N,0.5450571179389954,cdr2b
ARG,66,NH1,THR,73,CA,0.5280595421791077,cdr2b
ARG,66,NH2,THR,67,O,0.5487971305847168,cdr2b
ARG,66,NH2,GLN,70,CA,0.48737356066703796,cdr2b
ARG,66,NH2,GLN,70,C,0.4826611876487732,cdr2b
ARG,66,NH2,GLN,70,O,0.503058910369873,cdr2b
ARG,66,NH2,THR,73,N,0.5077254772186279,cdr2b
ARG,66,NH2,THR,73,CA,0.5493326187133789,cdr2b
