tcrRes,tcrNum,tcrName,mhcRes,mhcNum,mhcName,distance,loop
ASP,26,CG,GLU,56,CA,0.5874485373497009,cdr1a
ASP,26,CG,GLU,56,C,0.5869843363761902,cdr1a
ASP,26,CG,GLU,56,O,0.5711900591850281,cdr1a
ASP,26,OD1,GLU,56,CA,0.5392543077468872,cdr1a
ASP,26,OD1,GLU,56,C,0.5222353935241699,cdr1a
ASP,26,OD1,GLU,56,O,0.5194782018661499,cdr1a
ASP,26,OD1,TYR,59,N,0.5602549910545349,cdr1a
ASP,26,OD2,GLU,56,CA,0.5735214948654175,cdr1a
ASP,26,OD2,GLU,56,C,0.5694372057914734,cdr1a
ASP,26,OD2,GLU,56,O,0.5314179062843323,cdr1a
GLN,30,OE1,TYR,159,CA,0.5531882643699646,cdr1a
TYR,50,CB,GLU,152,O,0.5864700675010681,cdr2a
TYR,50,CB,GLN,153,O,0.5960796475410461,cdr2a
TYR,50,CB,ALA,156,CA,0.5299087166786194,cdr2a
TYR,50,CD2,GLU,152,O,0.5728838443756104,cdr2a
TYR,50,CD2,GLN,153,CA,0.590227484703064,cdr2a
SER,51,CB,ALA,156,N,0.572677493095398,cdr2a
SER,51,CB,ALA,156,CA,0.4608766734600067,cdr2a
SER,51,CB,ALA,156,C,0.5229358077049255,cdr2a
SER,51,CB,ALA,156,O,0.484225869178772,cdr2a
SER,51,CB,GLY,160,CA,0.579398512840271,cdr2a
SER,51,OG,ALA,156,N,0.5302429795265198,cdr2a
SER,51,OG,ALA,156,CA,0.4408732056617737,cdr2a
SER,51,OG,ALA,156,C,0.5390614867210388,cdr2a
SER,51,OG,ALA,156,O,0.5316864252090454,cdr2a
