tcrRes,tcrNum,tcrName,mhcRes,mhcNum,mhcName,distance,loop
ASP,26,CG,GLU,56,O,0.5639792084693909,cdr1a
ASP,26,OD1,GLU,56,C,0.5758888721466064,cdr1a
ASP,26,OD1,GLU,56,O,0.5360613465309143,cdr1a
ASP,26,OD2,GLU,56,CA,0.5863179564476013,cdr1a
ASP,26,OD2,GLU,56,C,0.5667174458503723,cdr1a
ASP,26,OD2,GLU,56,O,0.5067565441131592,cdr1a
GLN,30,OE1,TYR,159,CA,0.5474981069564819,cdr1a
TYR,50,CB,GLU,152,O,0.5731729865074158,cdr2a
TYR,50,CB,ALA,156,CA,0.5350689888000488,cdr2a
TYR,50,CB,ALA,156,C,0.5977553725242615,cdr2a
TYR,50,CG,GLU,152,O,0.5966411828994751,cdr2a
TYR,50,CD2,GLU,152,O,0.5656818151473999,cdr2a
SER,51,CB,ALA,156,CA,0.4976142644882202,cdr2a
SER,51,CB,ALA,156,C,0.5533449053764343,cdr2a
SER,51,CB,ALA,156,O,0.5078901052474976,cdr2a
SER,51,CB,GLY,160,CA,0.5926252007484436,cdr2a
SER,51,OG,ARG,157,C,0.5713689923286438,cdr2a
SER,51,OG,ARG,157,O,0.5683494806289673,cdr2a
SER,51,OG,ALA,156,N,0.4971003532409668,cdr2a
SER,51,OG,ALA,156,CA,0.39095088839530945,cdr2a
SER,51,OG,ALA,156,C,0.47637975215911865,cdr2a
SER,51,OG,ALA,156,O,0.46138858795166016,cdr2a
