tcrRes,tcrNum,tcrName,mhcRes,mhcNum,mhcName,distance,loop
GLN,31,OE1,GLY,160,C,0.5892882347106934,cdr1a
GLN,31,OE1,THR,161,N,0.5009424090385437,cdr1a
GLN,31,OE1,THR,161,CA,0.5107264518737793,cdr1a
TYR,51,CE1,ALA,156,C,0.590876579284668,cdr2a
TYR,51,CE1,ALA,156,O,0.5474635362625122,cdr2a
TYR,51,CE2,ALA,156,CA,0.5116632580757141,cdr2a
TYR,51,CE2,ALA,156,C,0.5330804586410522,cdr2a
TYR,51,CE2,ALA,156,O,0.48462897539138794,cdr2a
TYR,51,CZ,ALA,156,CA,0.5087060332298279,cdr2a
TYR,51,CZ,ALA,156,C,0.49539464712142944,cdr2a
TYR,51,CZ,ALA,156,O,0.4415336549282074,cdr2a
TYR,51,CZ,TYR,159,N,0.5867142677307129,cdr2a
TYR,51,OH,ALA,156,N,0.5889971256256104,cdr2a
TYR,51,OH,ALA,156,CA,0.44874271750450134,cdr2a
TYR,51,OH,ALA,156,C,0.4000738263130188,cdr2a
TYR,51,OH,ALA,156,O,0.3278760313987732,cdr2a
TYR,51,OH,TYR,159,N,0.48762527108192444,cdr2a
TYR,51,OH,TYR,159,CA,0.519157886505127,cdr2a
TYR,51,OH,GLU,161,O,0.5045041441917419,cdr2a
TYR,51,OH,GLY,160,CA,0.5635159611701965,cdr2a
TYR,51,OH,GLY,160,C,0.5895480513572693,cdr2a
TYR,51,OH,THR,161,N,0.503076434135437,cdr2a
TYR,51,OH,THR,161,CA,0.5761358141899109,cdr2a
