tcrRes,tcrNum,tcrName,mhcRes,mhcNum,mhcName,distance,loop
TYR,27,CE2,GLU,60,CA,0.5266343951225281,cdr1a
TYR,27,CE2,GLU,60,C,0.5907674431800842,cdr1a
TYR,27,CE2,GLU,60,O,0.5739357471466064,cdr1a
TYR,27,CZ,GLU,60,CA,0.5715059041976929,cdr1a
TYR,27,CZ,GLU,60,O,0.5601815581321716,cdr1a
TYR,27,OH,GLU,60,CA,0.5293459296226501,cdr1a
TYR,27,OH,GLU,60,C,0.5362385511398315,cdr1a
TYR,27,OH,GLU,60,O,0.47159984707832336,cdr1a
TYR,27,OH,LYS,66,N,0.5377715826034546,cdr1a
TYR,27,OH,LYS,66,CA,0.542730450630188,cdr1a
THR,30,OG1,ALA,156,O,0.5798487663269043,cdr1a
PHE,51,CB,HIS,149,N,0.5988289713859558,cdr2a
PHE,51,CG,HIS,149,N,0.5925019383430481,cdr2a
PHE,51,CD1,ALA,148,CA,0.5600156784057617,cdr2a
PHE,51,CD1,ALA,148,C,0.5725488066673279,cdr2a
PHE,51,CD1,HIS,149,N,0.48565757274627686,cdr2a
PHE,51,CD1,HIS,149,CA,0.5527238249778748,cdr2a
PHE,51,CE1,ALA,147,O,0.5979686975479126,cdr2a
PHE,51,CE1,ALA,148,CA,0.585724949836731,cdr2a
PHE,51,CE1,HIS,149,N,0.5374667048454285,cdr2a
