tcrRes,tcrNum,tcrName,mhcRes,mhcNum,mhcName,distance,loop
TYR,54,CB,GLN,153,CA,0.588015615940094,cdr2a
ASP,55,OD2,ALA,148,O,0.5552563667297363,cdr2a
GLU,30,CB,GLU,74,CA,0.4863562285900116,cdr1b
GLU,30,CB,GLU,74,C,0.5589613914489746,cdr1b
GLU,30,CB,GLU,74,O,0.5418482422828674,cdr1b
GLU,30,CG,GLU,74,N,0.5550301671028137,cdr1b
GLU,30,CG,GLU,74,CA,0.4226737320423126,cdr1b
GLU,30,CG,GLU,74,C,0.4616865813732147,cdr1b
GLU,30,CG,GLU,74,O,0.419655442237854,cdr1b
GLU,30,CG,ASP,77,N,0.582855761051178,cdr1b
GLU,30,CG,ARG,77,CA,0.584299623966217,cdr1b
GLU,30,CG,ARG,77,C,0.5941804647445679,cdr1b
GLU,30,CG,THR,80,N,0.5490295886993408,cdr1b
GLU,30,CG,THR,80,CA,0.5983527898788452,cdr1b
GLU,30,CD,GLU,74,CA,0.4849148690700531,cdr1b
GLU,30,CD,GLU,74,C,0.5158120393753052,cdr1b
GLU,30,CD,GLU,74,O,0.4519554078578949,cdr1b
GLU,30,CD,ARG,77,N,0.5956604480743408,cdr1b
GLU,30,CD,ARG,77,CA,0.5151978135108948,cdr1b
GLU,30,CD,ARG,77,C,0.5354338884353638,cdr1b
GLU,30,CD,THR,80,N,0.5233888626098633,cdr1b
GLU,30,CD,THR,80,CA,0.5866492986679077,cdr1b
GLU,30,OE1,ARG,75,O,0.5666447281837463,cdr1b
GLU,30,OE1,GLU,74,N,0.590412974357605,cdr1b
GLU,30,OE1,GLU,74,CA,0.49002644419670105,cdr1b
GLU,30,OE1,GLU,74,C,0.5449091196060181,cdr1b
GLU,30,OE1,GLU,74,O,0.4944264888763428,cdr1b
GLU,30,OE1,ARG,77,N,0.5983890891075134,cdr1b
GLU,30,OE1,ARG,77,CA,0.5227252840995789,cdr1b
GLU,30,OE1,ARG,77,C,0.5752585530281067,cdr1b
GLU,30,OE1,THR,80,N,0.5832625031471252,cdr1b
GLU,30,OE2,GLU,74,CA,0.5699683427810669,cdr1b
GLU,30,OE2,GLU,74,C,0.5717212557792664,cdr1b
GLU,30,OE2,GLU,74,O,0.4857247769832611,cdr1b
GLU,30,OE2,ARG,77,N,0.5995088219642639,cdr1b
GLU,30,OE2,ARG,77,CA,0.49696341156959534,cdr1b
GLU,30,OE2,ARG,77,C,0.48898428678512573,cdr1b
GLU,30,OE2,ARG,77,O,0.5330459475517273,cdr1b
GLU,30,OE2,THR,80,N,0.4848020076751709,cdr1b
GLU,30,OE2,THR,80,CA,0.5296299457550049,cdr1b
