tcrRes,tcrNum,tcrName,mhcRes,mhcNum,mhcName,distance,loop
GLN,30,NE2,GLU,56,O,0.5972796678543091,cdr1a
ASP,60,OD2,ALA,148,O,0.5681033134460449,cdr2a
GLU,37,CB,GLU,74,CA,0.4902573227882385,cdr1b
GLU,37,CB,GLU,74,C,0.5614297986030579,cdr1b
GLU,37,CB,GLU,74,O,0.5441027283668518,cdr1b
GLU,37,CG,GLU,74,N,0.5651103258132935,cdr1b
GLU,37,CG,GLU,74,CA,0.43077144026756287,cdr1b
GLU,37,CG,GLU,74,C,0.46756306290626526,cdr1b
GLU,37,CG,GLU,74,O,0.4243312180042267,cdr1b
GLU,37,CG,ASP,77,N,0.5886989831924438,cdr1b
GLU,37,CG,ARG,77,CA,0.5977001786231995,cdr1b
GLU,37,CG,THR,80,N,0.5587143898010254,cdr1b
GLU,37,CD,GLU,74,CA,0.4895666837692261,cdr1b
GLU,37,CD,GLU,74,C,0.5177691578865051,cdr1b
GLU,37,CD,GLU,74,O,0.4506700932979584,cdr1b
GLU,37,CD,ARG,77,N,0.5998755693435669,cdr1b
GLU,37,CD,ARG,77,CA,0.5253080129623413,cdr1b
GLU,37,CD,ARG,77,C,0.538037896156311,cdr1b
GLU,37,CD,THR,80,N,0.5285231471061707,cdr1b
GLU,37,CD,THR,80,CA,0.5964216589927673,cdr1b
GLU,37,OE1,ARG,75,O,0.5908693075180054,cdr1b
GLU,37,OE1,GLU,74,N,0.5981890559196472,cdr1b
GLU,37,OE1,GLU,74,CA,0.495922714471817,cdr1b
GLU,37,OE1,GLU,74,C,0.5485729575157166,cdr1b
GLU,37,OE1,GLU,74,O,0.493072509765625,cdr1b
GLU,37,OE1,ARG,77,CA,0.5348803400993347,cdr1b
GLU,37,OE1,ARG,77,C,0.5798795819282532,cdr1b
GLU,37,OE1,THR,80,N,0.5914425253868103,cdr1b
GLU,37,OE2,GLU,74,CA,0.5724858641624451,cdr1b
GLU,37,OE2,GLU,74,C,0.5712125301361084,cdr1b
GLU,37,OE2,GLU,74,O,0.48281335830688477,cdr1b
GLU,37,OE2,ARG,77,CA,0.5041447877883911,cdr1b
GLU,37,OE2,ARG,77,C,0.48798325657844543,cdr1b
GLU,37,OE2,ARG,77,O,0.5294841527938843,cdr1b
GLU,37,OE2,THR,80,N,0.4847513437271118,cdr1b
GLU,37,OE2,THR,80,CA,0.53395676612854,cdr1b
