tcrRes,tcrNum,tcrName,mhcRes,mhcNum,mhcName,distance,loop
TYR,51,CE2,ALA,156,CA,0.5768150091171265,cdr2a
TYR,51,CZ,ALA,156,CA,0.5719960331916809,cdr2a
TYR,51,OH,ALA,156,CA,0.4925922155380249,cdr2a
TYR,51,OH,ALA,156,C,0.5092243552207947,cdr2a
TYR,51,OH,ALA,156,O,0.5191366076469421,cdr2a
TYR,51,OH,TYR,159,N,0.5740260481834412,cdr2a
ASN,50,CG,ALA,67,O,0.5990889072418213,cdr2b
ASN,50,ND2,ALA,67,CA,0.5671382546424866,cdr2b
ASN,50,ND2,ALA,67,C,0.5728453993797302,cdr2b
ASN,50,ND2,ALA,67,O,0.49522194266319275,cdr2b
ASN,50,ND2,GLN,70,CA,0.5272777676582336,cdr2b
ASN,50,ND2,GLN,70,C,0.5105459094047546,cdr2b
ASN,50,ND2,GLN,70,O,0.5592756271362305,cdr2b
ASN,50,ND2,THR,73,N,0.50376296043396,cdr2b
ASN,50,ND2,THR,73,CA,0.5573852062225342,cdr2b
ASN,51,CB,GLN,70,CA,0.5688045620918274,cdr2b
ASN,51,CB,GLN,70,C,0.5532809495925903,cdr2b
ASN,51,CB,GLN,70,O,0.5274559259414673,cdr2b
ASN,51,CG,GLN,70,CA,0.5982075929641724,cdr2b
ASN,51,CG,GLN,70,C,0.542053759098053,cdr2b
ASN,51,CG,GLN,70,O,0.5066933631896973,cdr2b
ASN,51,CG,THR,73,N,0.5901681780815125,cdr2b
ASN,51,OD1,GLN,70,CA,0.5606728196144104,cdr2b
ASN,51,OD1,GLN,70,C,0.4889379143714905,cdr2b
ASN,51,OD1,GLN,70,O,0.4703453779220581,cdr2b
ASN,51,OD1,THR,73,N,0.5114583969116211,cdr2b
ASN,51,OD1,THR,73,CA,0.5180633068084717,cdr2b
ASN,51,ND2,GLN,70,O,0.5730751752853394,cdr2b
ASN,51,ND2,VAL,74,CA,0.591076672077179,cdr2b
ILE,55,CG1,ALA,67,CA,0.5687800645828247,cdr2b
ILE,55,CG2,ARG,63,CA,0.5576043725013733,cdr2b
ILE,55,CG2,ARG,63,C,0.5471829771995544,cdr2b
ILE,55,CG2,ARG,63,O,0.4902227818965912,cdr2b
ILE,55,CG2,ALA,67,N,0.5531418323516846,cdr2b
ILE,55,CG2,ALA,67,CA,0.5305984020233154,cdr2b
ILE,55,CD1,ARG,63,O,0.5793141722679138,cdr2b
ILE,55,CD1,LYS,66,C,0.5398449301719666,cdr2b
ILE,55,CD1,LYS,66,O,0.5437270998954773,cdr2b
ILE,55,CD1,ALA,67,N,0.4915216267108917,cdr2b
ILE,55,CD1,ALA,67,CA,0.4501487910747528,cdr2b
ILE,55,CD1,ALA,67,C,0.576809287071228,cdr2b
ILE,55,CD1,ALA,67,O,0.5963892340660095,cdr2b
