tcrRes,tcrNum,tcrName,mhcRes,mhcNum,mhcName,distance,loop
ASN,50,CG,ALA,67,O,0.5751335620880127,cdr2b
ASN,50,CG,GLN,70,CA,0.5773754715919495,cdr2b
ASN,50,CG,GLN,70,C,0.5869369506835938,cdr2b
ASN,50,ND2,ALA,67,CA,0.5072121024131775,cdr2b
ASN,50,ND2,ALA,67,C,0.5185087323188782,cdr2b
ASN,50,ND2,ALA,67,O,0.4432311952114105,cdr2b
ASN,50,ND2,GLN,70,N,0.5493183732032776,cdr2b
ASN,50,ND2,GLN,70,CA,0.46513110399246216,cdr2b
ASN,50,ND2,GLN,70,C,0.47651588916778564,cdr2b
ASN,50,ND2,GLN,70,O,0.5187836289405823,cdr2b
ASN,50,ND2,THR,73,N,0.4889492094516754,cdr2b
ASN,50,ND2,THR,73,CA,0.5663179755210876,cdr2b
ASN,51,CB,GLN,70,CA,0.594985842704773,cdr2b
ASN,51,CB,GLN,70,O,0.5657705068588257,cdr2b
ASN,51,CG,GLN,70,CA,0.5266140103340149,cdr2b
ASN,51,CG,GLN,70,C,0.5128004550933838,cdr2b
ASN,51,CG,GLN,70,O,0.45291000604629517,cdr2b
ASN,51,CG,VAL,74,N,0.5822296738624573,cdr2b
ASN,51,OD1,GLN,70,N,0.5625807642936707,cdr2b
ASN,51,OD1,GLN,70,CA,0.4185168445110321,cdr2b
ASN,51,OD1,GLN,70,C,0.4019734859466553,cdr2b
ASN,51,OD1,GLN,70,O,0.3370812237262726,cdr2b
ASN,51,OD1,THR,73,N,0.5069122910499573,cdr2b
ASN,51,OD1,THR,73,CA,0.5690430998802185,cdr2b
ASN,51,OD1,ARG,75,CA,0.5601754188537598,cdr2b
ASN,51,OD1,ARG,75,C,0.5513041615486145,cdr2b
ASN,51,OD1,VAL,74,N,0.4841991066932678,cdr2b
ASN,51,OD1,VAL,74,CA,0.5309768319129944,cdr2b
ASN,51,ND2,GLN,70,C,0.5732386708259583,cdr2b
ASN,51,ND2,GLN,70,O,0.507839560508728,cdr2b
ILE,55,CG1,ALA,67,CA,0.569105327129364,cdr2b
ILE,55,CG2,ARG,63,CA,0.533039391040802,cdr2b
ILE,55,CG2,ARG,63,C,0.5350392460823059,cdr2b
ILE,55,CG2,ARG,63,O,0.48064494132995605,cdr2b
ILE,55,CG2,ALA,67,N,0.5675240159034729,cdr2b
ILE,55,CG2,ALA,67,CA,0.5382261872291565,cdr2b
ILE,55,CD1,ARG,63,O,0.5740253329277039,cdr2b
ILE,55,CD1,LYS,66,C,0.5210939645767212,cdr2b
ILE,55,CD1,LYS,66,O,0.515953779220581,cdr2b
ILE,55,CD1,ALA,67,N,0.5094700455665588,cdr2b
ILE,55,CD1,ALA,67,CA,0.46398577094078064,cdr2b
ILE,55,CD1,ALA,67,C,0.5867186188697815,cdr2b
