tcrRes,tcrNum,tcrName,mhcRes,mhcNum,mhcName,distance,loop
TYR,32,OH,GLN,153,CA,0.5962133407592773,cdr1a
TYR,51,CE2,ALA,156,CA,0.5859108567237854,cdr2a
TYR,51,CZ,ALA,156,CA,0.5573635697364807,cdr2a
TYR,51,OH,ALA,156,CA,0.47049766778945923,cdr2a
TYR,51,OH,ALA,156,C,0.4959947466850281,cdr2a
TYR,51,OH,ALA,156,O,0.4877358078956604,cdr2a
TYR,51,OH,TYR,159,N,0.5739316344261169,cdr2a
