tcrRes,tcrNum,tcrName,mhcRes,mhcNum,mhcName,distance,loop
TYR,51,CE2,ALA,156,CA,0.5834089517593384,cdr2a
TYR,51,CZ,ALA,156,CA,0.5701202154159546,cdr2a
TYR,51,OH,ALA,156,CA,0.48764467239379883,cdr2a
TYR,51,OH,ALA,156,C,0.5045427083969116,cdr2a
TYR,51,OH,ALA,156,O,0.507237434387207,cdr2a
TYR,51,OH,TYR,159,N,0.5696099400520325,cdr2a
