tcrRes,tcrNum,tcrName,mhcRes,mhcNum,mhcName,distance,loop
TYR,51,CE2,ALA,156,CA,0.5777257084846497,cdr2a
TYR,51,CZ,ALA,156,CA,0.5657544732093811,cdr2a
TYR,51,OH,ALA,156,CA,0.4879886209964752,cdr2a
TYR,51,OH,ALA,156,C,0.49905943870544434,cdr2a
TYR,51,OH,ALA,156,O,0.5001091361045837,cdr2a
TYR,51,OH,TYR,159,N,0.5635485053062439,cdr2a
