tcrRes,tcrNum,tcrName,mhcRes,mhcNum,mhcName,distance,loop
GLN,50,CB,VAL,74,CA,0.5833516716957092,cdr2b
GLN,50,OE1,THR,73,CA,0.5664672255516052,cdr2b
SER,53,CB,ARG,75,C,0.49810224771499634,cdr2b
SER,53,CB,ARG,75,O,0.46359318494796753,cdr2b
SER,53,CB,VAL,74,N,0.47348618507385254,cdr2b
SER,53,CB,VAL,74,CA,0.41101571917533875,cdr2b
SER,53,CB,VAL,74,C,0.5044029355049133,cdr2b
SER,53,CB,VAL,74,O,0.49060240387916565,cdr2b
SER,53,CB,GLY,77,CA,0.59566730260849,cdr2b
SER,53,OG,ARG,75,CA,0.584290087223053,cdr2b
SER,53,OG,ARG,75,C,0.4514387845993042,cdr2b
SER,53,OG,ARG,75,O,0.38689160346984863,cdr2b
SER,53,OG,VAL,74,N,0.4500578045845032,cdr2b
SER,53,OG,VAL,74,CA,0.38187459111213684,cdr2b
SER,53,OG,VAL,74,C,0.4383372664451599,cdr2b
SER,53,OG,VAL,74,O,0.4008724093437195,cdr2b
SER,53,OG,ASP,77,N,0.566917896270752,cdr2b
SER,53,OG,GLY,77,N,0.49670201539993286,cdr2b
SER,53,OG,GLY,77,CA,0.45571163296699524,cdr2b
SER,53,OG,GLY,77,C,0.5233346819877625,cdr2b
SER,53,OG,THR,80,N,0.515365719795227,cdr2b
PRO,55,CB,GLN,70,CA,0.48691096901893616,cdr2b
PRO,55,CB,GLN,70,C,0.49387863278388977,cdr2b
PRO,55,CB,GLN,70,O,0.46745336055755615,cdr2b
PRO,55,CB,THR,73,N,0.57729572057724,cdr2b
PRO,55,CB,VAL,74,N,0.5929991602897644,cdr2b
PRO,55,CG,GLN,70,C,0.5961435437202454,cdr2b
PRO,55,CG,GLN,70,O,0.5696526169776917,cdr2b
