tcrRes,tcrNum,tcrName,mhcRes,mhcNum,mhcName,distance,loop
TYR,50,CB,GLU,152,C,0.5391147136688232,cdr2a
TYR,50,CB,GLU,152,O,0.47690337896347046,cdr2a
TYR,50,CB,GLN,153,N,0.5572539567947388,cdr2a
TYR,50,CB,GLN,153,CA,0.503048300743103,cdr2a
TYR,50,CB,GLN,153,C,0.5691978931427002,cdr2a
TYR,50,CB,GLN,153,O,0.5312590599060059,cdr2a
TYR,50,CB,ALA,156,N,0.5614862442016602,cdr2a
TYR,50,CB,ALA,156,CA,0.503771960735321,cdr2a
TYR,50,CB,ALA,156,C,0.5912107825279236,cdr2a
TYR,50,CG,GLU,152,C,0.5365409255027771,cdr2a
TYR,50,CG,GLU,152,O,0.5077365636825562,cdr2a
TYR,50,CG,GLN,153,N,0.5293411612510681,cdr2a
TYR,50,CG,GLN,153,CA,0.4782900810241699,cdr2a
TYR,50,CG,GLN,153,C,0.5769045948982239,cdr2a
TYR,50,CG,GLN,153,O,0.5631512403488159,cdr2a
TYR,50,CD1,GLU,152,O,0.5954756736755371,cdr2a
TYR,50,CD1,GLN,153,N,0.5779094099998474,cdr2a
TYR,50,CD1,GLN,153,CA,0.5013982653617859,cdr2a
TYR,50,CD1,GLN,153,C,0.5969669818878174,cdr2a
TYR,50,CD1,GLN,153,O,0.5791795253753662,cdr2a
TYR,50,CD2,GLU,152,CA,0.5784143805503845,cdr2a
TYR,50,CD2,GLU,152,C,0.5071410536766052,cdr2a
TYR,50,CD2,GLU,152,O,0.5000208020210266,cdr2a
TYR,50,CD2,GLN,153,N,0.5080395340919495,cdr2a
TYR,50,CD2,GLN,153,CA,0.4934166967868805,cdr2a
TYR,50,CE1,GLN,153,CA,0.5374218225479126,cdr2a
TYR,50,CE2,HIS,149,O,0.5793178081512451,cdr2a
TYR,50,CE2,GLU,152,C,0.560507595539093,cdr2a
TYR,50,CE2,GLU,152,O,0.5807697772979736,cdr2a
TYR,50,CE2,GLN,153,N,0.538460373878479,cdr2a
TYR,50,CE2,GLN,153,CA,0.5299950838088989,cdr2a
TYR,50,CZ,GLN,153,N,0.5862179398536682,cdr2a
TYR,50,CZ,GLN,153,CA,0.5506316423416138,cdr2a
SER,51,CB,ARG,157,C,0.5826820731163025,cdr2a
SER,51,CB,ARG,157,O,0.585341215133667,cdr2a
SER,51,CB,ALA,156,N,0.518375813961029,cdr2a
SER,51,CB,ALA,156,CA,0.4383206367492676,cdr2a
SER,51,CB,ALA,156,C,0.5469629168510437,cdr2a
SER,51,CB,ALA,156,O,0.5449180603027344,cdr2a
SER,51,OG,GLU,152,C,0.5932020545005798,cdr2a
SER,51,OG,GLU,152,O,0.4783037602901459,cdr2a
SER,51,OG,ARG,157,CA,0.5768238306045532,cdr2a
SER,51,OG,ARG,157,C,0.4771541655063629,cdr2a
SER,51,OG,ARG,157,O,0.5033414363861084,cdr2a
SER,51,OG,ALA,156,N,0.40526720881462097,cdr2a
SER,51,OG,ALA,156,CA,0.35128602385520935,cdr2a
SER,51,OG,ALA,156,C,0.4843806326389313,cdr2a
SER,51,OG,ALA,156,O,0.5133845210075378,cdr2a
SER,51,OG,TYR,159,N,0.5926467776298523,cdr2a
