tcrRes,tcrNum,tcrName,mhcRes,mhcNum,mhcName,distance,loop
THR,31,CB,GLU,161,CA,0.5712782740592957,cdr1a
THR,31,CB,GLU,161,O,0.5631538033485413,cdr1a
THR,31,CB,GLU,164,C,0.5919966697692871,cdr1a
THR,31,CB,TRP,165,N,0.549446165561676,cdr1a
THR,31,CB,TRP,165,CA,0.5774855017662048,cdr1a
THR,31,OG1,GLU,164,C,0.5639691948890686,cdr1a
THR,31,OG1,GLU,164,O,0.5881849527359009,cdr1a
THR,31,OG1,TRP,165,N,0.5448687076568604,cdr1a
THR,31,OG1,TRP,165,CA,0.5649780035018921,cdr1a
THR,31,CG2,GLY,160,C,0.5953147411346436,cdr1a
THR,31,CG2,GLY,160,O,0.576284646987915,cdr1a
THR,31,CG2,GLU,161,N,0.5396245718002319,cdr1a
THR,31,CG2,GLU,161,CA,0.42732590436935425,cdr1a
THR,31,CG2,GLU,161,C,0.47300973534584045,cdr1a
THR,31,CG2,GLU,161,O,0.42223483324050903,cdr1a
THR,31,CG2,GLU,164,N,0.5688203573226929,cdr1a
THR,31,CG2,GLU,164,CA,0.49993619322776794,cdr1a
THR,31,CG2,GLU,164,C,0.49005043506622314,cdr1a
THR,31,CG2,GLU,164,O,0.563275158405304,cdr1a
THR,31,CG2,TRP,165,N,0.4444887936115265,cdr1a
THR,31,CG2,TRP,165,CA,0.5009043216705322,cdr1a
ASN,32,OD1,GLU,161,CA,0.5241559743881226,cdr1a
ASN,32,OD1,GLU,161,C,0.5731076002120972,cdr1a
ASN,32,OD1,GLU,161,O,0.5876312255859375,cdr1a
TYR,34,OH,ALA,156,CA,0.524846613407135,cdr1a
TYR,34,OH,ALA,156,C,0.5234388709068298,cdr1a
TYR,34,OH,ALA,156,O,0.5438475012779236,cdr1a
TYR,34,OH,TYR,159,N,0.5500210523605347,cdr1a
TYR,53,CD2,ALA,156,O,0.5971909761428833,cdr2a
TYR,53,CD2,GLY,160,CA,0.49618059396743774,cdr2a
TYR,53,CD2,GLY,160,C,0.5463200211524963,cdr2a
TYR,53,CD2,GLU,161,N,0.5353313088417053,cdr2a
TYR,53,CE1,GLY,160,C,0.584058403968811,cdr2a
TYR,53,CE1,GLU,161,N,0.5205937623977661,cdr2a
TYR,53,CE1,GLU,161,CA,0.5404905676841736,cdr2a
TYR,53,CE2,GLY,160,N,0.5598359704017639,cdr2a
TYR,53,CE2,GLY,160,CA,0.4324401617050171,cdr2a
TYR,53,CE2,GLY,160,C,0.4520452618598938,cdr2a
TYR,53,CE2,GLY,160,O,0.5233199596405029,cdr2a
TYR,53,CE2,GLU,161,N,0.44247207045555115,cdr2a
TYR,53,CE2,GLU,161,CA,0.5109241604804993,cdr2a
TYR,53,CZ,GLY,160,CA,0.4958779215812683,cdr2a
TYR,53,CZ,GLY,160,C,0.475486695766449,cdr2a
TYR,53,CZ,GLY,160,O,0.5415962934494019,cdr2a
TYR,53,CZ,GLU,161,N,0.4340704381465912,cdr2a
TYR,53,CZ,GLU,161,CA,0.46468716859817505,cdr2a
TYR,53,OH,GLY,160,CA,0.4948444962501526,cdr2a
TYR,53,OH,GLY,160,C,0.435977965593338,cdr2a
TYR,53,OH,GLY,160,O,0.47721806168556213,cdr2a
TYR,53,OH,GLU,161,N,0.394577294588089,cdr2a
TYR,53,OH,GLU,161,CA,0.3900395333766937,cdr2a
TYR,53,OH,GLU,161,C,0.5207175612449646,cdr2a
TYR,53,OH,GLU,161,O,0.5468519926071167,cdr2a
