tcrRes,tcrNum,tcrName,mhcRes,mhcNum,mhcName,distance,loop
THR,32,CB,GLU,164,CA,0.5956986546516418,cdr1a
THR,32,CB,GLU,164,C,0.527206540107727,cdr1a
THR,32,CB,GLU,164,O,0.5195176005363464,cdr1a
THR,32,CB,TRP,165,N,0.5239487290382385,cdr1a
THR,32,CB,TRP,165,CA,0.5293468236923218,cdr1a
THR,32,OG1,GLU,164,C,0.5524079203605652,cdr1a
THR,32,OG1,GLU,164,O,0.5118525624275208,cdr1a
THR,32,OG1,TRP,165,N,0.5707603096961975,cdr1a
THR,32,OG1,TRP,165,CA,0.562288761138916,cdr1a
THR,32,CG2,THR,161,CA,0.5803002715110779,cdr1a
THR,32,CG2,THR,161,C,0.5790091156959534,cdr1a
THR,32,CG2,THR,161,O,0.4866693913936615,cdr1a
THR,32,CG2,GLU,164,N,0.5528276562690735,cdr1a
THR,32,CG2,GLU,164,CA,0.4476889371871948,cdr1a
THR,32,CG2,GLU,164,C,0.38771504163742065,cdr1a
THR,32,CG2,GLU,164,O,0.3998664915561676,cdr1a
THR,32,CG2,TRP,165,N,0.38819757103919983,cdr1a
THR,32,CG2,TRP,165,CA,0.4214799106121063,cdr1a
THR,32,CG2,TRP,165,C,0.5506443977355957,cdr1a
THR,32,CG2,TRP,165,O,0.5899163484573364,cdr1a
ASN,33,ND2,ARG,60,CA,0.5959646105766296,cdr1a
TYR,54,CE2,GLU,164,CA,0.586729884147644,cdr2a
TYR,54,CZ,GLU,164,CA,0.5694946050643921,cdr2a
TYR,54,OH,THR,161,CA,0.5933105945587158,cdr2a
TYR,54,OH,GLU,164,N,0.5898829102516174,cdr2a
TYR,54,OH,GLU,164,CA,0.4917852282524109,cdr2a
TYR,54,OH,GLU,164,C,0.5392246246337891,cdr2a
TYR,54,OH,GLU,164,O,0.5683500170707703,cdr2a
TYR,54,OH,TRP,165,N,0.5926130414009094,cdr2a
ASP,30,OD2,ALA,148,CA,0.5645775198936462,cdr1b
ASP,30,OD2,ALA,148,O,0.5789545178413391,cdr1b
