tcrRes,tcrNum,tcrName,mhcRes,mhcNum,mhcName,distance,loop
THR,32,CB,GLU,164,CA,0.5990552306175232,cdr1a
THR,32,CB,GLU,164,C,0.5421990752220154,cdr1a
THR,32,CB,GLU,164,O,0.5433420538902283,cdr1a
THR,32,CB,TRP,165,N,0.5398192405700684,cdr1a
THR,32,CB,TRP,165,CA,0.5485648512840271,cdr1a
THR,32,OG1,GLU,164,C,0.5558201670646667,cdr1a
THR,32,OG1,GLU,164,O,0.5249351263046265,cdr1a
THR,32,OG1,TRP,165,N,0.5767762660980225,cdr1a
THR,32,OG1,TRP,165,CA,0.5746363997459412,cdr1a
THR,32,CG2,THR,161,CA,0.5872032046318054,cdr1a
THR,32,CG2,THR,161,C,0.5909909605979919,cdr1a
THR,32,CG2,THR,161,O,0.5008786916732788,cdr1a
THR,32,CG2,GLU,164,N,0.562671422958374,cdr1a
THR,32,CG2,GLU,164,CA,0.45496195554733276,cdr1a
THR,32,CG2,GLU,164,C,0.4090535044670105,cdr1a
THR,32,CG2,GLU,164,O,0.4322111904621124,cdr1a
THR,32,CG2,TRP,165,N,0.4077422618865967,cdr1a
THR,32,CG2,TRP,165,CA,0.4442325234413147,cdr1a
THR,32,CG2,TRP,165,C,0.5763007998466492,cdr1a
TYR,54,CE2,GLU,164,CA,0.5958809852600098,cdr2a
TYR,54,CZ,GLY,160,O,0.58536696434021,cdr2a
TYR,54,CZ,GLU,164,CA,0.5755501985549927,cdr2a
TYR,54,OH,GLY,160,O,0.5752274394035339,cdr2a
TYR,54,OH,GLU,164,N,0.5840342044830322,cdr2a
TYR,54,OH,GLU,164,CA,0.4907689690589905,cdr2a
TYR,54,OH,GLU,164,C,0.5537445545196533,cdr2a
TYR,54,OH,GLU,164,O,0.5945174098014832,cdr2a
ASP,30,OD2,ALA,148,CA,0.574440598487854,cdr1b
ASP,30,OD2,ALA,148,O,0.5812233686447144,cdr1b
