tcrRes,tcrNum,tcrName,mhcRes,mhcNum,mhcName,distance,loop
VAL,52,CB,SER,105,O,0.5221133828163147,cdr2b
VAL,52,CB,ASP,106,N,0.5898438096046448,cdr2b
VAL,52,CB,ASP,106,CA,0.4757072925567627,cdr2b
VAL,52,CB,ASP,106,C,0.46039268374443054,cdr2b
VAL,52,CB,ASP,106,O,0.4138399064540863,cdr2b
VAL,52,CB,TRP,107,N,0.5472038388252258,cdr2b
VAL,52,CG1,SER,105,C,0.5953885316848755,cdr2b
VAL,52,CG1,SER,105,O,0.5170485377311707,cdr2b
VAL,52,CG1,ASP,106,N,0.5822944641113281,cdr2b
VAL,52,CG1,ASP,106,CA,0.46998676657676697,cdr2b
VAL,52,CG1,ASP,106,C,0.4074043929576874,cdr2b
VAL,52,CG1,ASP,106,O,0.35106509923934937,cdr2b
VAL,52,CG1,TRP,107,N,0.47054004669189453,cdr2b
VAL,52,CG1,TRP,107,CA,0.49376991391181946,cdr2b
VAL,52,CG1,TRP,107,C,0.569205641746521,cdr2b
VAL,52,CG2,ASP,106,CA,0.4879741370677948,cdr2b
VAL,52,CG2,ASP,106,C,0.4824167788028717,cdr2b
VAL,52,CG2,ASP,106,O,0.4127977192401886,cdr2b
VAL,52,CG2,TRP,107,N,0.5924258232116699,cdr2b
