tcrRes,tcrNum,tcrName,mhcRes,mhcNum,mhcName,distance,loop
GLN,31,CD,GLN,153,CA,0.5988906621932983,cdr1a
GLN,31,OE1,GLN,153,O,0.5952301621437073,cdr1a
GLN,31,NE2,GLN,153,CA,0.48685091733932495,cdr1a
GLN,31,NE2,GLN,153,C,0.5506232380867004,cdr1a
GLN,31,NE2,GLN,153,O,0.5352259278297424,cdr1a
TYR,51,CG,ALA,148,O,0.5570893883705139,cdr2a
TYR,51,CG,HIS,149,CA,0.5564432144165039,cdr2a
TYR,51,CG,HIS,149,O,0.5774905681610107,cdr2a
TYR,51,CD1,ALA,148,C,0.5295524597167969,cdr2a
TYR,51,CD1,ALA,148,O,0.4614684581756592,cdr2a
TYR,51,CD1,HIS,149,N,0.564067542552948,cdr2a
TYR,51,CD1,HIS,149,CA,0.5115443468093872,cdr2a
TYR,51,CD1,HIS,149,C,0.5456840991973877,cdr2a
TYR,51,CD1,HIS,149,O,0.5060197710990906,cdr2a
TYR,51,CD2,ALA,148,C,0.590812623500824,cdr2a
TYR,51,CD2,ALA,148,O,0.56931072473526,cdr2a
TYR,51,CD2,HIS,149,CA,0.5639702677726746,cdr2a
TYR,51,CE1,ALA,148,CA,0.5074587464332581,cdr2a
TYR,51,CE1,ALA,148,C,0.43210193514823914,cdr2a
TYR,51,CE1,ALA,148,O,0.3640410900115967,cdr2a
TYR,51,CE1,HIS,149,N,0.49181151390075684,cdr2a
TYR,51,CE1,HIS,149,CA,0.4741136133670807,cdr2a
TYR,51,CE1,HIS,149,C,0.5182546377182007,cdr2a
TYR,51,CE1,HIS,149,O,0.5056441426277161,cdr2a
TYR,51,CE2,ALA,147,O,0.5422505736351013,cdr2a
TYR,51,CE2,ALA,148,CA,0.5450583696365356,cdr2a
TYR,51,CE2,ALA,148,C,0.5052011013031006,cdr2a
TYR,51,CE2,ALA,148,O,0.493667334318161,cdr2a
TYR,51,CE2,HIS,149,N,0.5360419750213623,cdr2a
TYR,51,CE2,HIS,149,CA,0.5297092199325562,cdr2a
TYR,51,CZ,ALA,147,C,0.5737747550010681,cdr2a
TYR,51,CZ,ALA,147,O,0.5135092735290527,cdr2a
TYR,51,CZ,ALA,148,N,0.5536872744560242,cdr2a
TYR,51,CZ,ALA,148,CA,0.45988067984580994,cdr2a
TYR,51,CZ,ALA,148,C,0.4173312485218048,cdr2a
TYR,51,CZ,ALA,148,O,0.38461336493492126,cdr2a
TYR,51,CZ,HIS,149,N,0.4760284125804901,cdr2a
TYR,51,CZ,HIS,149,CA,0.4841989576816559,cdr2a
TYR,51,CZ,HIS,149,C,0.5634770393371582,cdr2a
TYR,51,CZ,HIS,149,O,0.5761556625366211,cdr2a
TYR,51,OH,ALA,147,C,0.48560068011283875,cdr2a
TYR,51,OH,ALA,147,O,0.4162082374095917,cdr2a
TYR,51,OH,ALA,148,N,0.4714992642402649,cdr2a
TYR,51,OH,ALA,148,CA,0.3720542788505554,cdr2a
TYR,51,OH,ALA,148,C,0.37191784381866455,cdr2a
TYR,51,OH,ALA,148,O,0.35364431142807007,cdr2a
TYR,51,OH,HIS,149,N,0.4560319185256958,cdr2a
TYR,51,OH,HIS,149,CA,0.5045529007911682,cdr2a
TYR,51,OH,HIS,149,C,0.5874168872833252,cdr2a
ASN,30,ND2,VAL,74,CA,0.5413303971290588,cdr1b
