tcrRes,tcrNum,tcrName,mhcRes,mhcNum,mhcName,distance,loop
ASN,31,ND2,ALA,148,C,0.5920654535293579,cdr1a
ASN,31,ND2,ALA,148,O,0.49296262860298157,cdr1a
TYR,33,CZ,ALA,148,CA,0.5836812853813171,cdr1a
TYR,33,OH,ALA,147,O,0.5535079836845398,cdr1a
TYR,33,OH,ALA,148,N,0.5720866322517395,cdr1a
TYR,33,OH,ALA,148,CA,0.4520565867424011,cdr1a
TYR,33,OH,ALA,148,C,0.5058451890945435,cdr1a
TYR,33,OH,ALA,148,O,0.4713171422481537,cdr1a
ARG,30,NH2,THR,80,CA,0.5398076176643372,cdr1b
TYR,50,CB,VAL,74,CA,0.5906444787979126,cdr2b
TYR,50,CD2,VAL,74,CA,0.5774866342544556,cdr2b
ASP,54,CG,VAL,74,CA,0.5854753255844116,cdr2b
ASP,54,OD2,ARG,75,C,0.5694767832756042,cdr2b
ASP,54,OD2,ARG,75,O,0.532618522644043,cdr2b
ASP,54,OD2,VAL,74,N,0.5467976927757263,cdr2b
ASP,54,OD2,VAL,74,CA,0.4620972275733948,cdr2b
ASP,54,OD2,VAL,74,C,0.5475423336029053,cdr2b
ASP,54,OD2,VAL,74,O,0.5220701098442078,cdr2b
ASP,54,OD2,GLY,77,CA,0.5884180068969727,cdr2b
