tcrRes,tcrNum,tcrName,mhcRes,mhcNum,mhcName,distance,loop
ILE,50,CB,HIS,149,O,0.5601670742034912,cdr2a
ILE,50,CB,GLU,152,CA,0.578233003616333,cdr2a
ILE,50,CB,GLU,152,C,0.5617478489875793,cdr2a
ILE,50,CB,GLN,153,N,0.5564215183258057,cdr2a
ILE,50,CB,GLN,153,CA,0.5999594330787659,cdr2a
ILE,50,CG1,HIS,149,O,0.5445346832275391,cdr2a
ILE,50,CG1,GLU,152,N,0.5866008400917053,cdr2a
ILE,50,CG1,GLU,152,CA,0.47257646918296814,cdr2a
ILE,50,CG1,GLU,152,C,0.44237130880355835,cdr2a
ILE,50,CG1,GLU,152,O,0.4622657895088196,cdr2a
ILE,50,CG1,GLN,153,N,0.45919638872146606,cdr2a
ILE,50,CG1,GLN,153,CA,0.5032287240028381,cdr2a
ILE,50,CG2,ALA,148,O,0.550751268863678,cdr2a
ILE,50,CG2,HIS,149,N,0.5995404124259949,cdr2a
ILE,50,CG2,HIS,149,CA,0.5030844807624817,cdr2a
ILE,50,CG2,HIS,149,C,0.5239444375038147,cdr2a
ILE,50,CG2,HIS,149,O,0.4522281587123871,cdr2a
ILE,50,CG2,GLU,152,CA,0.5470511317253113,cdr2a
ILE,50,CG2,GLU,152,C,0.5530539155006409,cdr2a
ILE,50,CG2,GLN,153,N,0.5317058563232422,cdr2a
ILE,50,CG2,GLN,153,CA,0.5954703688621521,cdr2a
ILE,50,CD1,GLU,152,CA,0.5626628994941711,cdr2a
ILE,50,CD1,GLU,152,C,0.5103079676628113,cdr2a
ILE,50,CD1,GLU,152,O,0.4935735762119293,cdr2a
ILE,50,CD1,GLN,153,N,0.538904070854187,cdr2a
ILE,50,CD1,GLN,153,CA,0.5550180673599243,cdr2a
ASN,49,CB,VAL,74,O,0.599445104598999,cdr2b
ASN,49,CG,VAL,74,CA,0.5841242074966431,cdr2b
ASN,49,CG,VAL,74,C,0.5815179347991943,cdr2b
ASN,49,CG,VAL,74,O,0.519277811050415,cdr2b
ASN,49,CG,THR,80,N,0.5373511910438538,cdr2b
ASN,49,CG,THR,80,CA,0.5377251505851746,cdr2b
ASN,49,OD1,VAL,74,O,0.5899088978767395,cdr2b
ASN,49,OD1,THR,80,N,0.5998680591583252,cdr2b
ASN,49,OD1,THR,80,CA,0.5736518502235413,cdr2b
ASN,49,ND2,VAL,74,CA,0.4999806582927704,cdr2b
ASN,49,ND2,VAL,74,C,0.4765608012676239,cdr2b
ASN,49,ND2,VAL,74,O,0.3994992971420288,cdr2b
ASN,49,ND2,ASP,77,N,0.577925980091095,cdr2b
ASN,49,ND2,GLY,77,N,0.5843744874000549,cdr2b
ASN,49,ND2,GLY,77,CA,0.5198778510093689,cdr2b
ASN,49,ND2,GLY,77,C,0.4782363474369049,cdr2b
ASN,49,ND2,GLY,77,O,0.5511325001716614,cdr2b
ASN,49,ND2,THR,80,N,0.40738987922668457,cdr2b
ASN,49,ND2,THR,80,CA,0.4230237305164337,cdr2b
ASN,49,ND2,THR,80,C,0.5743244290351868,cdr2b
