tcrRes,tcrNum,tcrName,mhcRes,mhcNum,mhcName,distance,loop
TYR,32,CD2,ALA,148,CA,0.5580970048904419,cdr1a
TYR,32,CD2,ALA,148,C,0.561927080154419,cdr1a
TYR,32,CD2,ALA,148,O,0.48785752058029175,cdr1a
TYR,32,CE1,ALA,147,O,0.5658239722251892,cdr1a
TYR,32,CE1,ALA,148,CA,0.5939446091651917,cdr1a
TYR,32,CE1,ALA,148,O,0.5788351893424988,cdr1a
TYR,32,CE2,ALA,147,C,0.5998415946960449,cdr1a
TYR,32,CE2,ALA,147,O,0.5309508442878723,cdr1a
TYR,32,CE2,ALA,148,N,0.5713886022567749,cdr1a
TYR,32,CE2,ALA,148,CA,0.44533875584602356,cdr1a
TYR,32,CE2,ALA,148,C,0.4432326555252075,cdr1a
TYR,32,CE2,ALA,148,O,0.3816528916358948,cdr1a
TYR,32,CE2,HIS,149,N,0.5521285533905029,cdr1a
TYR,32,CZ,ALA,147,C,0.5689256191253662,cdr1a
TYR,32,CZ,ALA,147,O,0.4785121977329254,cdr1a
TYR,32,CZ,ALA,148,N,0.5710040330886841,cdr1a
TYR,32,CZ,ALA,148,CA,0.4684089124202728,cdr1a
TYR,32,CZ,ALA,148,C,0.4749756157398224,cdr1a
TYR,32,CZ,ALA,148,O,0.44095057249069214,cdr1a
TYR,32,CZ,HIS,149,N,0.5649104118347168,cdr1a
TYR,32,OH,ALA,147,C,0.46905121207237244,cdr1a
TYR,32,OH,ALA,147,O,0.3759021759033203,cdr1a
TYR,32,OH,ALA,148,N,0.4859388768672943,cdr1a
TYR,32,OH,ALA,148,CA,0.4049968123435974,cdr1a
TYR,32,OH,ALA,148,C,0.40522974729537964,cdr1a
TYR,32,OH,ALA,148,O,0.3998923897743225,cdr1a
TYR,32,OH,HIS,149,N,0.47229287028312683,cdr1a
TYR,32,OH,HIS,149,CA,0.5340152978897095,cdr1a
ARG,51,CD,ALA,148,C,0.5978413224220276,cdr2a
ARG,51,CD,ALA,148,O,0.5545759201049805,cdr2a
ARG,51,CD,HIS,149,CA,0.5799148678779602,cdr2a
ARG,51,NE,ALA,148,O,0.5860041975975037,cdr2a
ARG,51,NE,HIS,149,CA,0.595431923866272,cdr2a
GLU,52,OE1,GLU,152,C,0.5979323387145996,cdr2a
GLU,52,OE1,GLU,152,O,0.5848279595375061,cdr2a
GLU,52,OE1,GLN,153,N,0.5819295644760132,cdr2a
GLU,52,OE1,GLN,153,CA,0.5417711138725281,cdr2a
ASN,53,ND2,HIS,149,O,0.5903555154800415,cdr2a
ASN,53,ND2,GLU,152,CA,0.582570493221283,cdr2a
ASN,51,ND2,GLY,77,O,0.5716775059700012,cdr2b
ASN,51,ND2,THR,80,N,0.585294246673584,cdr2b
ASN,51,ND2,THR,80,CA,0.5126439929008484,cdr2b
ASN,51,ND2,THR,80,O,0.5929391384124756,cdr2b
ASN,52,OD1,GLY,77,O,0.5521072149276733,cdr2b
VAL,55,CG1,GLN,70,O,0.5465093851089478,cdr2b
