tcrRes,tcrNum,tcrName,mhcRes,mhcNum,mhcName,distance,loop,mhc_chain
ARG,30,NE,ASN,66,OD1,0.5931330919265747,cdr1b,mhc_alpha
ARG,30,CZ,ASN,66,CG,0.5443181395530701,cdr1b,mhc_alpha
ARG,30,CZ,ASN,66,OD1,0.489796906709671,cdr1b,mhc_alpha
ARG,30,CZ,ASN,66,ND2,0.5496122241020203,cdr1b,mhc_alpha
ARG,30,NH1,ASN,66,CG,0.5023729801177979,cdr1b,mhc_alpha
ARG,30,NH1,ASN,66,OD1,0.4260602295398712,cdr1b,mhc_alpha
ARG,30,NH1,ASN,66,ND2,0.5380953550338745,cdr1b,mhc_alpha
ARG,30,NH2,ASN,66,CG,0.5336351990699768,cdr1b,mhc_alpha
ARG,30,NH2,ASN,66,OD1,0.4869396388530731,cdr1b,mhc_alpha
ARG,30,NH2,ASN,66,ND2,0.5115580558776855,cdr1b,mhc_alpha
PHE,50,CD2,ALA,59,CB,0.5789620280265808,cdr2b,mhc_alpha
PHE,50,CD2,ILE,63,CG1,0.5858210921287537,cdr2b,mhc_alpha
PHE,50,CD2,ILE,63,CD1,0.5462279319763184,cdr2b,mhc_alpha
PHE,50,CE1,ILE,63,CD1,0.5743694305419922,cdr2b,mhc_alpha
PHE,50,CE2,ALA,59,CB,0.5764430165290833,cdr2b,mhc_alpha
PHE,50,CE2,ILE,63,CG1,0.45932361483573914,cdr2b,mhc_alpha
PHE,50,CE2,ILE,63,CD1,0.4239768087863922,cdr2b,mhc_alpha
PHE,50,CZ,ILE,63,CG1,0.4753131866455078,cdr2b,mhc_alpha
PHE,50,CZ,ILE,63,CD1,0.4438118636608124,cdr2b,mhc_alpha
SER,51,CB,ALA,62,CB,0.5724630951881409,cdr2b,mhc_alpha
SER,51,OG,ALA,62,CB,0.5808687210083008,cdr2b,mhc_alpha
SER,51,OG,ILE,63,CG1,0.5559031367301941,cdr2b,mhc_alpha
THR,53,CB,GLN,55,CD,0.5685594081878662,cdr2b,mhc_alpha
THR,53,CB,GLN,55,NE2,0.4849618673324585,cdr2b,mhc_alpha
THR,53,OG1,GLN,55,CG,0.531704843044281,cdr2b,mhc_alpha
THR,53,OG1,GLN,55,CD,0.48709067702293396,cdr2b,mhc_alpha
THR,53,OG1,GLN,55,OE1,0.5536748170852661,cdr2b,mhc_alpha
THR,53,OG1,GLN,55,NE2,0.4104948043823242,cdr2b,mhc_alpha
THR,53,CG2,GLN,55,CD,0.5495770573616028,cdr2b,mhc_alpha
THR,53,CG2,GLN,55,OE1,0.5886644721031189,cdr2b,mhc_alpha
THR,53,CG2,GLN,55,NE2,0.44770416617393494,cdr2b,mhc_alpha
HIS,29,CE1,ASP,73,OD1,0.5679326057434082,cdr1b,mhc_beta
HIS,29,NE2,ASP,73,OD1,0.5924937725067139,cdr1b,mhc_beta
