tcrRes,tcrNum,tcrName,mhcRes,mhcNum,mhcName,distance,loop
GLN,31,CG,THR,161,OG1,0.5948851108551025,cdr1a
GLN,31,CD,THR,161,CB,0.5749016404151917,cdr1a
GLN,31,CD,THR,161,OG1,0.4434009790420532,cdr1a
GLN,31,CD,THR,161,CG2,0.5915299654006958,cdr1a
GLN,31,OE1,THR,161,CB,0.5201274156570435,cdr1a
GLN,31,OE1,THR,161,OG1,0.38237717747688293,cdr1a
GLN,31,OE1,THR,161,CG2,0.5573369264602661,cdr1a
GLN,31,OE1,GLU,164,OE1,0.594948410987854,cdr1a
GLN,31,NE2,THR,161,CB,0.5318468809127808,cdr1a
GLN,31,NE2,THR,161,OG1,0.41712522506713867,cdr1a
GLN,31,NE2,THR,161,CG2,0.526292622089386,cdr1a
TYR,32,CE1,GLN,153,NE2,0.5375615358352661,cdr1a
TYR,32,CZ,GLN,153,NE2,0.5171620845794678,cdr1a
TYR,32,OH,GLN,153,CD,0.543854296207428,cdr1a
TYR,32,OH,GLN,153,NE2,0.4139692187309265,cdr1a
TYR,32,OH,ALA,156,CB,0.5969676971435547,cdr1a
TYR,51,CD1,ALA,156,CB,0.5937325358390808,cdr2a
TYR,51,CD2,ALA,156,CB,0.5375890135765076,cdr2a
TYR,51,CE1,ALA,156,CB,0.5150890946388245,cdr2a
TYR,51,CE1,THR,161,OG1,0.5992417335510254,cdr2a
TYR,51,CE2,ALA,156,CB,0.4502318203449249,cdr2a
TYR,51,CZ,ALA,156,CB,0.43694502115249634,cdr2a
TYR,51,CZ,THR,161,OG1,0.5954698324203491,cdr2a
TYR,51,OH,ALA,156,CB,0.40197673439979553,cdr2a
TYR,51,OH,THR,161,CB,0.5955060720443726,cdr2a
TYR,51,OH,THR,161,OG1,0.4917652904987335,cdr2a
ASN,50,ND2,GLN,70,CB,0.5767549276351929,cdr2b
ASN,51,CB,VAL,74,CG2,0.5613950490951538,cdr2b
ASN,51,CG,VAL,74,CG2,0.5178260207176208,cdr2b
ASN,51,OD1,VAL,74,CB,0.5932871103286743,cdr2b
ASN,51,OD1,VAL,74,CG2,0.48917853832244873,cdr2b
ASN,51,ND2,VAL,74,CG2,0.562454104423523,cdr2b
VAL,53,CB,GLN,70,CD,0.5720390677452087,cdr2b
VAL,53,CB,GLN,70,NE2,0.49656814336776733,cdr2b
VAL,53,CG1,GLN,70,CD,0.5700384974479675,cdr2b
VAL,53,CG1,GLN,70,NE2,0.48585760593414307,cdr2b
VAL,53,CG2,GLN,70,CG,0.5188214182853699,cdr2b
VAL,53,CG2,GLN,70,CD,0.47605371475219727,cdr2b
VAL,53,CG2,GLN,70,OE1,0.5296180248260498,cdr2b
VAL,53,CG2,GLN,70,NE2,0.4299173057079315,cdr2b
ILE,55,CG2,ARG,63,CG,0.5310662388801575,cdr2b
ILE,55,CG2,ARG,63,CD,0.5523956418037415,cdr2b
ILE,55,CG2,ALA,67,CB,0.5868881940841675,cdr2b
ILE,55,CD1,GLN,70,CG,0.5570963025093079,cdr2b
