tcrRes,tcrNum,tcrName,mhcRes,mhcNum,mhcName,distance,loop
GLU,30,CB,LYS,186,NZ,0.5661382675170898,cdr1b
GLU,30,CG,LYS,186,CE,0.5469781160354614,cdr1b
GLU,30,CG,LYS,186,NZ,0.45059195160865784,cdr1b
GLU,30,CD,LYS,186,CD,0.5445545315742493,cdr1b
GLU,30,CD,LYS,186,CE,0.4220500886440277,cdr1b
GLU,30,CD,LYS,186,NZ,0.3167808949947357,cdr1b
GLU,30,OE1,LYS,186,CD,0.5659816861152649,cdr1b
GLU,30,OE1,LYS,186,CE,0.4251648187637329,cdr1b
GLU,30,OE1,LYS,186,NZ,0.33872538805007935,cdr1b
GLU,30,OE2,LYS,186,CG,0.5961537957191467,cdr1b
GLU,30,OE2,LYS,186,CD,0.461671382188797,cdr1b
GLU,30,OE2,LYS,186,CE,0.360461950302124,cdr1b
GLU,30,OE2,LYS,186,NZ,0.2337104082107544,cdr1b
VAL,50,CB,ARG,181,CG,0.586715817451477,cdr2b
VAL,50,CB,ARG,181,CD,0.45919305086135864,cdr2b
VAL,50,CB,ARG,181,NE,0.5000321269035339,cdr2b
VAL,50,CB,ARG,181,CZ,0.5343574285507202,cdr2b
VAL,50,CB,ARG,181,NH2,0.5304533243179321,cdr2b
VAL,50,CG1,ARG,181,CD,0.47523951530456543,cdr2b
VAL,50,CG1,ARG,181,NE,0.5086444616317749,cdr2b
VAL,50,CG1,ARG,181,CZ,0.5083515048027039,cdr2b
VAL,50,CG1,ARG,181,NH1,0.5887405276298523,cdr2b
VAL,50,CG1,ARG,181,NH2,0.47061601281166077,cdr2b
VAL,50,CG2,ARG,181,CG,0.5109257102012634,cdr2b
VAL,50,CG2,ARG,181,CD,0.4105079174041748,cdr2b
VAL,50,CG2,ARG,181,NE,0.49175870418548584,cdr2b
VAL,50,CG2,ARG,181,CZ,0.5534397959709167,cdr2b
VAL,50,CG2,ARG,181,NH2,0.5489778518676758,cdr2b
