tcrRes,tcrNum,tcrName,mhcRes,mhcNum,mhcName,distance,loop
LYS,59,CB,MET,138,CG,0.590039074420929,cdr2a
LYS,59,CB,MET,138,SD,0.44860973954200745,cdr2a
LYS,59,CB,MET,138,CE,0.5452365875244141,cdr2a
LYS,59,CG,MET,138,CG,0.5074093341827393,cdr2a
LYS,59,CG,MET,138,SD,0.36891016364097595,cdr2a
LYS,59,CG,MET,138,CE,0.43870168924331665,cdr2a
LYS,59,CD,MET,138,CG,0.5288625955581665,cdr2a
LYS,59,CD,MET,138,SD,0.4329532980918884,cdr2a
LYS,59,CD,MET,138,CE,0.5078965425491333,cdr2a
LYS,59,CE,MET,138,CG,0.48671525716781616,cdr2a
LYS,59,CE,MET,138,SD,0.4296534061431885,cdr2a
LYS,59,CE,MET,138,CE,0.5459972023963928,cdr2a
LYS,59,NZ,MET,138,CB,0.4970058798789978,cdr2a
LYS,59,NZ,MET,138,CG,0.34618160128593445,cdr2a
LYS,59,NZ,MET,138,SD,0.32421454787254333,cdr2a
LYS,59,NZ,MET,138,CE,0.45498737692832947,cdr2a
LYS,59,NZ,GLN,141,CD,0.5994988083839417,cdr2a
LYS,59,NZ,GLN,141,OE1,0.519769549369812,cdr2a
