tcrRes,tcrNum,tcrName,mhcRes,mhcNum,mhcName,distance,loop
LYS,59,CB,MET,138,CG,0.5367076396942139,cdr2a
LYS,59,CB,MET,138,SD,0.38755762577056885,cdr2a
LYS,59,CB,MET,138,CE,0.3623037040233612,cdr2a
LYS,59,CG,MET,138,SD,0.5216564536094666,cdr2a
LYS,59,CG,MET,138,CE,0.4611753821372986,cdr2a
LYS,59,CD,MET,138,SD,0.5371370911598206,cdr2a
LYS,59,CD,MET,138,CE,0.4302886128425598,cdr2a
LYS,59,CE,MET,138,CG,0.5577794313430786,cdr2a
LYS,59,CE,MET,138,SD,0.4775997996330261,cdr2a
LYS,59,CE,MET,138,CE,0.3702370822429657,cdr2a
LYS,59,NZ,MET,138,CG,0.598816990852356,cdr2a
LYS,59,NZ,MET,138,SD,0.5469115376472473,cdr2a
LYS,59,NZ,MET,138,CE,0.40769997239112854,cdr2a
LYS,59,NZ,GLN,141,OE1,0.587973415851593,cdr2a
